video_file,video_hash,video_width,video_height,video_fps,total_video_frames,video_duration_sec,frame_idx,timestamp_ms,hand,hand_score,wrist_x,wrist_y,wrist_z,wrist_visibility,wrist_presence,thumb_cmc_x,thumb_cmc_y,thumb_cmc_z,thumb_cmc_visibility,thumb_cmc_presence,thumb_mcp_x,thumb_mcp_y,thumb_mcp_z,thumb_mcp_visibility,thumb_mcp_presence,thumb_ip_x,thumb_ip_y,thumb_ip_z,thumb_ip_visibility,thumb_ip_presence,thumb_tip_x,thumb_tip_y,thumb_tip_z,thumb_tip_visibility,thumb_tip_presence,index_mcp_x,index_mcp_y,index_mcp_z,index_mcp_visibility,index_mcp_presence,index_pip_x,index_pip_y,index_pip_z,index_pip_visibility,index_pip_presence,index_dip_x,index_dip_y,index_dip_z,index_dip_visibility,index_dip_presence,index_tip_x,index_tip_y,index_tip_z,index_tip_visibility,index_tip_presence,middle_mcp_x,middle_mcp_y,middle_mcp_z,middle_mcp_visibility,middle_mcp_presence,middle_pip_x,middle_pip_y,middle_pip_z,middle_pip_visibility,middle_pip_presence,middle_dip_x,middle_dip_y,middle_dip_z,middle_dip_visibility,middle_dip_presence,middle_tip_x,middle_tip_y,middle_tip_z,middle_tip_visibility,middle_tip_presence,ring_mcp_x,ring_mcp_y,ring_mcp_z,ring_mcp_visibility,ring_mcp_presence,ring_pip_x,ring_pip_y,ring_pip_z,ring_pip_visibility,ring_pip_presence,ring_dip_x,ring_dip_y,ring_dip_z,ring_dip_visibility,ring_dip_presence,ring_tip_x,ring_tip_y,ring_tip_z,ring_tip_visibility,ring_tip_presence,pinky_mcp_x,pinky_mcp_y,pinky_mcp_z,pinky_mcp_visibility,pinky_mcp_presence,pinky_pip_x,pinky_pip_y,pinky_pip_z,pinky_pip_visibility,pinky_pip_presence,pinky_dip_x,pinky_dip_y,pinky_dip_z,pinky_dip_visibility,pinky_dip_presence,pinky_tip_x,pinky_tip_y,pinky_tip_z,pinky_tip_visibility,pinky_tip_presence
video19.mp4,c394e6472a5abf1abdd0edf2321c8d36ce9a2504a1a01030d8158d99ceb47a94,640,480,12.11,109,9.0,0,0,Left,0.993697,0.606342,0.181063,0.0,0.0,0.0,0.49369,0.253438,-0.048364,0.0,0.0,0.391635,0.346578,-0.085384,0.0,0.0,0.319791,0.430704,-0.109856,0.0,0.0,0.262298,0.482518,-0.138677,0.0,0.0,0.487942,0.305696,-0.167684,0.0,0.0,0.45494,0.441637,-0.225182,0.0,0.0,0.431274,0.542254,-0.257134,0.0,0.0,0.407737,0.628983,-0.28061,0.0,0.0,0.578819,0.2957,-0.169453,0.0,0.0,0.583608,0.43896,-0.232511,0.0,0.0,0.574565,0.560461,-0.26657,0.0,0.0,0.56861,0.65555,-0.297366,0.0,0.0,0.653018,0.296285,-0.166092,0.0,0.0,0.687997,0.442432,-0.226358,0.0,0.0,0.6927,0.552162,-0.253836,0.0,0.0,0.690915,0.644792,-0.27587,0.0,0.0,0.715934,0.305985,-0.162824,0.0,0.0,0.767548,0.420295,-0.214204,0.0,0.0,0.802333,0.497343,-0.234099,0.0,0.0,0.824993,0.567786,-0.249911,0.0,0.0
video19.mp4,c394e6472a5abf1abdd0edf2321c8d36ce9a2504a1a01030d8158d99ceb47a94,640,480,12.11,109,9.0,1,83,Left,0.985459,0.608041,0.169074,1e-06,0.0,0.0,0.495666,0.238564,-0.044046,0.0,0.0,0.402061,0.326164,-0.087646,0.0,0.0,0.329633,0.416147,-0.119675,0.0,0.0,0.269522,0.483356,-0.153013,0.0,0.0,0.499441,0.304965,-0.180725,0.0,0.0,0.451297,0.442341,-0.247258,0.0,0.0,0.427807,0.546488,-0.279044,0.0,0.0,0.403791,0.636829,-0.30073,0.0,0.0,0.594024,0.309403,-0.183168,0.0,0.0,0.592591,0.449795,-0.2559,0.0,0.0,0.578605,0.574804,-0.286032,0.0,0.0,0.561576,0.678351,-0.312285,0.0,0.0,0.669572,0.31781,-0.180705,0.0,0.0,0.698334,0.447552,-0.243501,0.0,0.0,0.689359,0.561932,-0.269395,0.0,0.0,0.67156,0.660491,-0.290154,0.0,0.0,0.726223,0.327024,-0.178419,0.0,0.0,0.782428,0.431167,-0.233672,0.0,0.0,0.812814,0.509681,-0.263125,0.0,0.0,0.829048,0.589953,-0.285508,0.0,0.0
video19.mp4,c394e6472a5abf1abdd0edf2321c8d36ce9a2504a1a01030d8158d99ceb47a94,640,480,12.11,109,9.0,2,166,Left,0.952995,0.598794,0.175859,1e-06,0.0,0.0,0.490155,0.24648,-0.040284,0.0,0.0,0.399319,0.3277,-0.08318,0.0,0.0,0.328528,0.410174,-0.117002,0.0,0.0,0.27352,0.47921,-0.152631,0.0,0.0,0.493551,0.316863,-0.168187,0.0,0.0,0.453392,0.443364,-0.23459,0.0,0.0,0.430062,0.541705,-0.268697,0.0,0.0,0.403202,0.640786,-0.291996,0.0,0.0,0.586457,0.315498,-0.171638,0.0,0.0,0.584302,0.451934,-0.244733,0.0,0.0,0.574665,0.575897,-0.274963,0.0,0.0,0.559291,0.689669,-0.301552,0.0,0.0,0.664004,0.320115,-0.170497,0.0,0.0,0.695056,0.439524,-0.233547,0.0,0.0,0.692697,0.550096,-0.255473,0.0,0.0,0.678849,0.652233,-0.27263,0.0,0.0,0.723411,0.32696,-0.169779,0.0,0.0,0.78333,0.430504,-0.224834,0.0,0.0,0.813218,0.504274,-0.251322,0.0,0.0,0.829432,0.584739,-0.271428,0.0,0.0
video19.mp4,c394e6472a5abf1abdd0edf2321c8d36ce9a2504a1a01030d8158d99ceb47a94,640,480,12.11,109,9.0,3,250,Left,0.957078,0.60281,0.166979,1e-06,0.0,0.0,0.496602,0.237809,-0.037651,0.0,0.0,0.40696,0.325635,-0.080554,0.0,0.0,0.331971,0.412931,-0.115375,0.0,0.0,0.270652,0.481181,-0.152009,0.0,0.0,0.49384,0.310525,-0.157052,0.0,0.0,0.455949,0.394172,-0.22395,0.0,0.0,0.437167,0.477033,-0.259506,0.0,0.0,0.412246,0.561606,-0.283535,0.0,0.0,0.5858,0.317103,-0.163261,0.0,0.0,0.580614,0.447858,-0.234087,0.0,0.0,0.568234,0.569346,-0.263284,0.0,0.0,0.547602,0.675831,-0.288977,0.0,0.0,0.664318,0.326505,-0.165788,0.0,0.0,0.692302,0.444806,-0.22998,0.0,0.0,0.688694,0.555098,-0.253314,0.0,0.0,0.671357,0.655704,-0.270526,0.0,0.0,0.72551,0.333381,-0.168262,0.0,0.0,0.783498,0.432062,-0.223482,0.0,0.0,0.814564,0.503896,-0.249526,0.0,0.0,0.830798,0.582602,-0.269125,0.0,0.0
video19.mp4,c394e6472a5abf1abdd0edf2321c8d36ce9a2504a1a01030d8158d99ceb47a94,640,480,12.11,109,9.0,4,333,Left,0.920866,0.594687,0.178275,1e-06,0.0,0.0,0.492087,0.243032,-0.042733,0.0,0.0,0.404198,0.333676,-0.087645,0.0,0.0,0.330317,0.414515,-0.124615,0.0,0.0,0.271676,0.480965,-0.164287,0.0,0.0,0.501344,0.309166,-0.160431,0.0,0.0,0.468595,0.366093,-0.228804,0.0,0.0,0.438709,0.416431,-0.265073,0.0,0.0,0.398301,0.474573,-0.288836,0.0,0.0,0.587165,0.311868,-0.165515,0.0,0.0,0.58582,0.435183,-0.23958,0.0,0.0,0.573787,0.554186,-0.27328,0.0,0.0,0.55285,0.666261,-0.302461,0.0,0.0,0.661945,0.320664,-0.167218,0.0,0.0,0.692856,0.438613,-0.236243,0.0,0.0,0.691215,0.551448,-0.264205,0.0,0.0,0.67674,0.657999,-0.283923,0.0,0.0,0.721902,0.327809,-0.168796,0.0,0.0,0.780667,0.429444,-0.225856,0.0,0.0,0.811975,0.502944,-0.25219,0.0,0.0,0.832588,0.581902,-0.272543,0.0,0.0
video19.mp4,c394e6472a5abf1abdd0edf2321c8d36ce9a2504a1a01030d8158d99ceb47a94,640,480,12.11,109,9.0,5,416,Left,0.877214,0.595905,0.172968,1e-06,0.0,0.0,0.488504,0.249714,-0.052857,0.0,0.0,0.403149,0.3404,-0.105265,0.0,0.0,0.332438,0.421519,-0.148008,0.0,0.0,0.271167,0.487639,-0.192542,0.0,0.0,0.493316,0.337606,-0.188708,0.0,0.0,0.462445,0.453114,-0.269238,0.0,0.0,0.440052,0.542869,-0.311778,0.0,0.0,0.411076,0.628227,-0.338728,0.0,0.0,0.585204,0.333262,-0.191099,0.0,0.0,0.595083,0.460797,-0.280237,0.0,0.0,0.588278,0.584505,-0.317503,0.0,0.0,0.571603,0.693303,-0.346249,0.0,0.0,0.663546,0.332957,-0.190521,0.0,0.0,0.699415,0.438641,-0.268198,0.0,0.0,0.697236,0.55193,-0.296102,0.0,0.0,0.679489,0.655025,-0.314116,0.0,0.0,0.725635,0.330859,-0.191272,0.0,0.0,0.787042,0.429549,-0.255263,0.0,0.0,0.817621,0.503302,-0.285506,0.0,0.0,0.832167,0.58132,-0.306588,0.0,0.0
video19.mp4,c394e6472a5abf1abdd0edf2321c8d36ce9a2504a1a01030d8158d99ceb47a94,640,480,12.11,109,9.0,6,500,Left,0.960372,0.593794,0.180438,1e-06,0.0,0.0,0.486082,0.27401,-0.051648,0.0,0.0,0.39687,0.365947,-0.105643,0.0,0.0,0.328036,0.437835,-0.150788,0.0,0.0,0.275563,0.495995,-0.199187,0.0,0.0,0.497414,0.329035,-0.189188,0.0,0.0,0.444508,0.38067,-0.275627,0.0,0.0,0.402637,0.425292,-0.324929,0.0,0.0,0.353278,0.473654,-0.355534,0.0,0.0,0.583662,0.320274,-0.194022,0.0,0.0,0.58581,0.452398,-0.287702,0.0,0.0,0.571839,0.576358,-0.33439,0.0,0.0,0.54802,0.689319,-0.370731,0.0,0.0,0.660401,0.323727,-0.195134,0.0,0.0,0.699079,0.447835,-0.28107,0.0,0.0,0.697759,0.558202,-0.319139,0.0,0.0,0.681627,0.657271,-0.342412,0.0,0.0,0.722473,0.330421,-0.196078,0.0,0.0,0.78507,0.440189,-0.260895,0.0,0.0,0.816466,0.512032,-0.290907,0.0,0.0,0.834202,0.582072,-0.31295,0.0,0.0
video19.mp4,c394e6472a5abf1abdd0edf2321c8d36ce9a2504a1a01030d8158d99ceb47a94,640,480,12.11,109,9.0,7,583,Left,0.901257,0.594995,0.183513,1e-06,0.0,0.0,0.487054,0.26632,-0.050716,0.0,0.0,0.395904,0.358784,-0.100545,0.0,0.0,0.329113,0.435294,-0.141854,0.0,0.0,0.277177,0.492257,-0.186368,0.0,0.0,0.495157,0.331619,-0.181771,0.0,0.0,0.440222,0.397912,-0.263451,0.0,0.0,0.396447,0.458734,-0.310219,0.0,0.0,0.345071,0.520649,-0.339224,0.0,0.0,0.586209,0.328087,-0.184894,0.0,0.0,0.588325,0.460618,-0.268544,0.0,0.0,0.575435,0.581035,-0.307263,0.0,0.0,0.551459,0.690371,-0.338025,0.0,0.0,0.664751,0.332221,-0.185024,0.0,0.0,0.700656,0.457483,-0.261729,0.0,0.0,0.698264,0.566942,-0.293526,0.0,0.0,0.681349,0.664554,-0.3136,0.0,0.0,0.724531,0.334886,-0.185675,0.0,0.0,0.786197,0.441024,-0.244801,0.0,0.0,0.817455,0.514007,-0.270841,0.0,0.0,0.8347,0.58692,-0.289886,0.0,0.0
video19.mp4,c394e6472a5abf1abdd0edf2321c8d36ce9a2504a1a01030d8158d99ceb47a94,640,480,12.11,109,9.0,8,666,Left,0.967454,0.601347,0.164685,1e-06,0.0,0.0,0.489622,0.242699,-0.045592,0.0,0.0,0.398825,0.334618,-0.092966,0.0,0.0,0.330202,0.420119,-0.130302,0.0,0.0,0.272469,0.487812,-0.169882,0.0,0.0,0.490066,0.324265,-0.18189,0.0,0.0,0.451065,0.44587,-0.256652,0.0,0.0,0.426145,0.544988,-0.296957,0.0,0.0,0.39675,0.640853,-0.324269,0.0,0.0,0.585742,0.32027,-0.184614,0.0,0.0,0.589454,0.454121,-0.268032,0.0,0.0,0.582313,0.576939,-0.304349,0.0,0.0,0.567487,0.687033,-0.334058,0.0,0.0,0.665699,0.323445,-0.182782,0.0,0.0,0.69499,0.442357,-0.254749,0.0,0.0,0.692788,0.556581,-0.282392,0.0,0.0,0.677659,0.66257,-0.302186,0.0,0.0,0.726284,0.328505,-0.181331,0.0,0.0,0.786741,0.432316,-0.242765,0.0,0.0,0.817155,0.507688,-0.273797,0.0,0.0,0.831278,0.586115,-0.296563,0.0,0.0
video19.mp4,c394e6472a5abf1abdd0edf2321c8d36ce9a2504a1a01030d8158d99ceb47a94,640,480,12.11,109,9.0,9,750,Left,0.958319,0.603629,0.160183,1e-06,0.0,0.0,0.49343,0.23705,-0.03961,0.0,0.0,0.403017,0.326818,-0.0832,0.0,0.0,0.331061,0.413768,-0.118448,0.0,0.0,0.274204,0.481552,-0.155509,0.0,0.0,0.494121,0.32289,-0.163855,0.0,0.0,0.44745,0.443948,-0.231883,0.0,0.0,0.417872,0.537324,-0.269166,0.0,0.0,0.383069,0.632368,-0.294501,0.0,0.0,0.587543,0.319866,-0.167732,0.0,0.0,0.586232,0.448981,-0.241868,0.0,0.0,0.577612,0.5701,-0.2741,0.0,0.0,0.561213,0.682776,-0.301463,0.0,0.0,0.666122,0.324476,-0.167289,0.0,0.0,0.694375,0.447117,-0.230667,0.0,0.0,0.691972,0.556582,-0.252441,0.0,0.0,0.677449,0.659351,-0.268926,0.0,0.0,0.72637,0.330855,-0.16739,0.0,0.0,0.784862,0.435048,-0.220328,0.0,0.0,0.815649,0.507616,-0.244342,0.0,0.0,0.832572,0.586465,-0.262127,0.0,0.0
video19.mp4,c394e6472a5abf1abdd0edf2321c8d36ce9a2504a1a01030d8158d99ceb47a94,640,480,12.11,109,9.0,10,833,Left,0.967039,0.608259,0.156446,1e-06,0.0,0.0,0.498487,0.235471,-0.048041,0.0,0.0,0.40938,0.327731,-0.101127,0.0,0.0,0.334093,0.416125,-0.143915,0.0,0.0,0.26649,0.485,-0.190003,0.0,0.0,0.495582,0.305288,-0.1903,0.0,0.0,0.444514,0.3973,-0.27004,0.0,0.0,0.406356,0.47803,-0.31543,0.0,0.0,0.363624,0.562656,-0.346058,0.0,0.0,0.588173,0.303703,-0.193854,0.0,0.0,0.587169,0.433853,-0.27963,0.0,0.0,0.574621,0.555689,-0.318782,0.0,0.0,0.555242,0.669572,-0.351673,0.0,0.0,0.666111,0.313534,-0.193013,0.0,0.0,0.696998,0.437258,-0.267996,0.0,0.0,0.691567,0.551558,-0.297094,0.0,0.0,0.673817,0.658581,-0.31841,0.0,0.0,0.727807,0.326976,-0.192317,0.0,0.0,0.786169,0.434342,-0.252282,0.0,0.0,0.816002,0.509144,-0.281049,0.0,0.0,0.830256,0.587076,-0.303674,0.0,0.0
video19.mp4,c394e6472a5abf1abdd0edf2321c8d36ce9a2504a1a01030d8158d99ceb47a94,640,480,12.11,109,9.0,11,916,Left,0.966862,0.604162,0.149014,1e-06,0.0,0.0,0.497408,0.230617,-0.036198,0.0,0.0,0.407088,0.324643,-0.077269,0.0,0.0,0.334625,0.415131,-0.111072,0.0,0.0,0.277721,0.483851,-0.147058,0.0,0.0,0.490505,0.315173,-0.155344,0.0,0.0,0.441092,0.442304,-0.218547,0.0,0.0,0.414903,0.541137,-0.252494,0.0,0.0,0.385961,0.638669,-0.275968,0.0,0.0,0.582991,0.31256,-0.16084,0.0,0.0,0.58365,0.445208,-0.230235,0.0,0.0,0.574776,0.567074,-0.260313,0.0,0.0,0.560417,0.678605,-0.286234,0.0,0.0,0.662446,0.316034,-0.162006,0.0,0.0,0.691839,0.444492,-0.221882,0.0,0.0,0.687214,0.552938,-0.243087,0.0,0.0,0.674488,0.654108,-0.259478,0.0,0.0,0.723077,0.320971,-0.163445,0.0,0.0,0.780297,0.429402,-0.21431,0.0,0.0,0.811145,0.504327,-0.237522,0.0,0.0,0.831279,0.582625,-0.254801,0.0,0.0
video19.mp4,c394e6472a5abf1abdd0edf2321c8d36ce9a2504a1a01030d8158d99ceb47a94,640,480,12.11,109,9.0,12,1000,Left,0.965874,0.606331,0.148094,1e-06,0.0,0.0,0.498173,0.226843,-0.039211,0.0,0.0,0.406812,0.320226,-0.081216,0.0,0.0,0.333033,0.410634,-0.114823,0.0,0.0,0.275984,0.482003,-0.150047,0.0,0.0,0.496845,0.316222,-0.159027,0.0,0.0,0.4448,0.447535,-0.223213,0.0,0.0,0.414618,0.546251,-0.256353,0.0,0.0,0.382675,0.640203,-0.278985,0.0,0.0,0.587159,0.314607,-0.163015,0.0,0.0,0.587381,0.45046,-0.236088,0.0,0.0,0.575954,0.57256,-0.267048,0.0,0.0,0.55885,0.678833,-0.292716,0.0,0.0,0.663695,0.317149,-0.162959,0.0,0.0,0.693316,0.445777,-0.22686,0.0,0.0,0.68796,0.558564,-0.250579,0.0,0.0,0.673271,0.660892,-0.267794,0.0,0.0,0.721848,0.321445,-0.16304,0.0,0.0,0.780808,0.430689,-0.218092,0.0,0.0,0.810882,0.505486,-0.24483,0.0,0.0,0.828641,0.584186,-0.264041,0.0,0.0
video19.mp4,c394e6472a5abf1abdd0edf2321c8d36ce9a2504a1a01030d8158d99ceb47a94,640,480,12.11,109,9.0,13,1083,Left,0.970341,0.607373,0.1361,1e-06,0.0,0.0,0.497108,0.226776,-0.036891,0.0,0.0,0.405389,0.325455,-0.074781,0.0,0.0,0.331475,0.412484,-0.104585,0.0,0.0,0.276833,0.480733,-0.137163,0.0,0.0,0.495003,0.327444,-0.152349,0.0,0.0,0.445444,0.446626,-0.211907,0.0,0.0,0.41978,0.541256,-0.244384,0.0,0.0,0.392876,0.639826,-0.267397,0.0,0.0,0.58765,0.325675,-0.156291,0.0,0.0,0.605142,0.470511,-0.2177,0.0,0.0,0.621218,0.599851,-0.2481,0.0,0.0,0.631443,0.718989,-0.275749,0.0,0.0,0.664142,0.324092,-0.155427,0.0,0.0,0.699509,0.448108,-0.209735,0.0,0.0,0.707237,0.556933,-0.232261,0.0,0.0,0.708053,0.665296,-0.250997,0.0,0.0,0.72171,0.3196,-0.154917,0.0,0.0,0.782143,0.431685,-0.20373,0.0,0.0,0.816521,0.504841,-0.2268,0.0,0.0,0.837966,0.581927,-0.244513,0.0,0.0
video19.mp4,c394e6472a5abf1abdd0edf2321c8d36ce9a2504a1a01030d8158d99ceb47a94,640,480,12.11,109,9.0,14,1166,Left,0.856869,0.604282,0.142494,1e-06,0.0,0.0,0.493237,0.234878,-0.039369,0.0,0.0,0.406389,0.33199,-0.080237,0.0,0.0,0.332646,0.410949,-0.114067,0.0,0.0,0.279425,0.473858,-0.150816,0.0,0.0,0.492414,0.341679,-0.152588,0.0,0.0,0.443442,0.454764,-0.217354,0.0,0.0,0.411422,0.541464,-0.25548,0.0,0.0,0.38002,0.632318,-0.282261,0.0,0.0,0.585391,0.3389,-0.15785,0.0,0.0,0.598625,0.470749,-0.219369,0.0,0.0,0.609232,0.591473,-0.251143,0.0,0.0,0.616265,0.701264,-0.279669,0.0,0.0,0.663162,0.337165,-0.159385,0.0,0.0,0.708811,0.472125,-0.21499,0.0,0.0,0.732803,0.580398,-0.240853,0.0,0.0,0.747357,0.681413,-0.262527,0.0,0.0,0.720417,0.329784,-0.161355,0.0,0.0,0.777141,0.419858,-0.207033,0.0,0.0,0.818777,0.472913,-0.227176,0.0,0.0,0.848432,0.530946,-0.243713,0.0,0.0
video19.mp4,c394e6472a5abf1abdd0edf2321c8d36ce9a2504a1a01030d8158d99ceb47a94,640,480,12.11,109,9.0,15,1250,Left,0.858876,0.603429,0.131445,1e-06,0.0,0.0,0.497307,0.230243,-0.038183,0.0,0.0,0.41651,0.337786,-0.079801,0.0,0.0,0.345344,0.418186,-0.112356,0.0,0.0,0.292708,0.483648,-0.1451,0.0,0.0,0.484716,0.327079,-0.165048,0.0,0.0,0.431165,0.427768,-0.230982,0.0,0.0,0.394357,0.507864,-0.26491,0.0,0.0,0.361155,0.594797,-0.287778,0.0,0.0,0.569652,0.312222,-0.169381,0.0,0.0,0.52648,0.39952,-0.235342,0.0,0.0,0.483669,0.494096,-0.255862,0.0,0.0,0.441211,0.586902,-0.275275,0.0,0.0,0.650326,0.310583,-0.171087,0.0,0.0,0.672288,0.403608,-0.231956,0.0,0.0,0.679882,0.508885,-0.250508,0.0,0.0,0.6734,0.608211,-0.263966,0.0,0.0,0.721749,0.314805,-0.173159,0.0,0.0,0.77938,0.429762,-0.221143,0.0,0.0,0.825337,0.504176,-0.24261,0.0,0.0,0.851138,0.576736,-0.259683,0.0,0.0
video19.mp4,c394e6472a5abf1abdd0edf2321c8d36ce9a2504a1a01030d8158d99ceb47a94,640,480,12.11,109,9.0,16,1333,Left,0.987273,0.611251,0.117932,1e-06,0.0,0.0,0.504301,0.226257,-0.029036,0.0,0.0,0.420069,0.341829,-0.06857,0.0,0.0,0.342577,0.425698,-0.10104,0.0,0.0,0.277014,0.480808,-0.134974,0.0,0.0,0.489543,0.298914,-0.152585,0.0,0.0,0.433045,0.410216,-0.204805,0.0,0.0,0.399666,0.493219,-0.224738,0.0,0.0,0.369502,0.581936,-0.240201,0.0,0.0,0.571307,0.281918,-0.159213,0.0,0.0,0.542451,0.360201,-0.215502,0.0,0.0,0.518268,0.435652,-0.229502,0.0,0.0,0.494205,0.513271,-0.24598,0.0,0.0,0.650399,0.281649,-0.162205,0.0,0.0,0.691157,0.393043,-0.217893,0.0,0.0,0.7069,0.502797,-0.235633,0.0,0.0,0.711276,0.605511,-0.251354,0.0,0.0,0.719311,0.292325,-0.164124,0.0,0.0,0.777254,0.415271,-0.209984,0.0,0.0,0.816638,0.49304,-0.232364,0.0,0.0,0.842966,0.570786,-0.252117,0.0,0.0
video19.mp4,c394e6472a5abf1abdd0edf2321c8d36ce9a2504a1a01030d8158d99ceb47a94,640,480,12.11,109,9.0,17,1416,Left,0.984915,0.603633,0.127829,1e-06,0.0,0.0,0.496923,0.230337,-0.028156,0.0,0.0,0.411228,0.343973,-0.059887,0.0,0.0,0.33377,0.42563,-0.085104,0.0,0.0,0.272957,0.477686,-0.113131,0.0,0.0,0.474939,0.274992,-0.133737,0.0,0.0,0.421939,0.387901,-0.17217,0.0,0.0,0.393335,0.475092,-0.186598,0.0,0.0,0.371348,0.571439,-0.200372,0.0,0.0,0.556795,0.265715,-0.13732,0.0,0.0,0.532381,0.335943,-0.182954,0.0,0.0,0.509247,0.390143,-0.194089,0.0,0.0,0.488915,0.446779,-0.209263,0.0,0.0,0.639008,0.277572,-0.137087,0.0,0.0,0.682249,0.377147,-0.185223,0.0,0.0,0.701909,0.469404,-0.198316,0.0,0.0,0.715692,0.552836,-0.21091,0.0,0.0,0.713632,0.29906,-0.135944,0.0,0.0,0.772332,0.426881,-0.173961,0.0,0.0,0.811973,0.506017,-0.190026,0.0,0.0,0.841985,0.579406,-0.206021,0.0,0.0
video19.mp4,c394e6472a5abf1abdd0edf2321c8d36ce9a2504a1a01030d8158d99ceb47a94,640,480,12.11,109,9.0,18,1500,Left,0.995846,0.621677,0.103725,0.0,0.0,0.0,0.514137,0.199172,-0.025448,0.0,0.0,0.423044,0.316587,-0.057109,0.0,0.0,0.344503,0.419003,-0.081507,0.0,0.0,0.281431,0.480315,-0.109369,0.0,0.0,0.500224,0.257399,-0.131327,0.0,0.0,0.448565,0.323369,-0.184431,0.0,0.0,0.413174,0.383943,-0.21198,0.0,0.0,0.377612,0.449125,-0.230508,0.0,0.0,0.57785,0.256149,-0.140305,0.0,0.0,0.568733,0.403596,-0.19238,0.0,0.0,0.548664,0.522344,-0.216639,0.0,0.0,0.527494,0.626986,-0.24009,0.0,0.0,0.653031,0.268085,-0.145201,0.0,0.0,0.685337,0.412787,-0.200506,0.0,0.0,0.6811,0.521774,-0.22645,0.0,0.0,0.672996,0.614696,-0.245309,0.0,0.0,0.719961,0.281664,-0.147834,0.0,0.0,0.769245,0.412868,-0.191812,0.0,0.0,0.799412,0.494783,-0.212687,0.0,0.0,0.821731,0.572082,-0.230175,0.0,0.0
video19.mp4,c394e6472a5abf1abdd0edf2321c8d36ce9a2504a1a01030d8158d99ceb47a94,640,480,12.11,109,9.0,19,1583,Left,0.995347,0.613692,0.116254,0.0,0.0,0.0,0.512601,0.200743,-0.024059,0.0,0.0,0.422548,0.313165,-0.05426,0.0,0.0,0.345471,0.412709,-0.079467,0.0,0.0,0.27796,0.466427,-0.108107,0.0,0.0,0.503182,0.264256,-0.119324,0.0,0.0,0.453874,0.333098,-0.16834,0.0,0.0,0.416135,0.395237,-0.19434,0.0,0.0,0.378005,0.459081,-0.212485,0.0,0.0,0.585258,0.264822,-0.128156,0.0,0.0,0.586636,0.382941,-0.175547,0.0,0.0,0.58349,0.485968,-0.196045,0.0,0.0,0.578015,0.579773,-0.216982,0.0,0.0,0.658427,0.275361,-0.13378,0.0,0.0,0.687992,0.403684,-0.182553,0.0,0.0,0.687326,0.509173,-0.201541,0.0,0.0,0.682984,0.603645,-0.216913,0.0,0.0,0.71929,0.288402,-0.138148,0.0,0.0,0.768275,0.411078,-0.17795,0.0,0.0,0.799218,0.492103,-0.194236,0.0,0.0,0.823578,0.56911,-0.208244,0.0,0.0
video19.mp4,c394e6472a5abf1abdd0edf2321c8d36ce9a2504a1a01030d8158d99ceb47a94,640,480,12.11,109,9.0,20,1666,Left,0.990408,0.609861,0.115795,1e-06,0.0,0.0,0.507067,0.208153,-0.028756,0.0,0.0,0.417957,0.323268,-0.063616,0.0,0.0,0.345629,0.427296,-0.092244,0.0,0.0,0.273499,0.488127,-0.124073,0.0,0.0,0.494698,0.264145,-0.138447,0.0,0.0,0.448659,0.33717,-0.198568,0.0,0.0,0.418833,0.407239,-0.230206,0.0,0.0,0.381351,0.477606,-0.251204,0.0,0.0,0.5772,0.258687,-0.148358,0.0,0.0,0.574177,0.402064,-0.213437,0.0,0.0,0.558007,0.532003,-0.244743,0.0,0.0,0.536456,0.647915,-0.271858,0.0,0.0,0.653105,0.265882,-0.154501,0.0,0.0,0.682702,0.404874,-0.219558,0.0,0.0,0.673589,0.518517,-0.250707,0.0,0.0,0.658257,0.61854,-0.27128,0.0,0.0,0.717161,0.278219,-0.158666,0.0,0.0,0.767274,0.401746,-0.212247,0.0,0.0,0.798632,0.48559,-0.239895,0.0,0.0,0.822881,0.567492,-0.26092,0.0,0.0
video19.mp4,c394e6472a5abf1abdd0edf2321c8d36ce9a2504a1a01030d8158d99ceb47a94,640,480,12.11,109,9.0,21,1750,Left,0.992751,0.610297,0.125097,1e-06,0.0,0.0,0.505046,0.211919,-0.034983,0.0,0.0,0.418444,0.321044,-0.075351,0.0,0.0,0.344496,0.422575,-0.107122,0.0,0.0,0.273902,0.485379,-0.141904,0.0,0.0,0.497397,0.26494,-0.157385,0.0,0.0,0.454373,0.335428,-0.223841,0.0,0.0,0.426337,0.404769,-0.259705,0.0,0.0,0.391954,0.475332,-0.283089,0.0,0.0,0.582046,0.259142,-0.164656,0.0,0.0,0.575439,0.407325,-0.235862,0.0,0.0,0.555,0.536924,-0.270024,0.0,0.0,0.532072,0.650139,-0.298701,0.0,0.0,0.656442,0.268514,-0.167343,0.0,0.0,0.688077,0.413378,-0.234843,0.0,0.0,0.68021,0.52874,-0.265775,0.0,0.0,0.667363,0.627474,-0.2864,0.0,0.0,0.716609,0.283822,-0.168371,0.0,0.0,0.767985,0.407017,-0.221678,0.0,0.0,0.798423,0.492105,-0.247724,0.0,0.0,0.821944,0.574091,-0.267752,0.0,0.0
video19.mp4,c394e6472a5abf1abdd0edf2321c8d36ce9a2504a1a01030d8158d99ceb47a94,640,480,12.11,109,9.0,22,1833,Left,0.991354,0.609201,0.132456,1e-06,0.0,0.0,0.502867,0.213362,-0.034374,0.0,0.0,0.415896,0.322047,-0.074595,0.0,0.0,0.342939,0.423594,-0.106376,0.0,0.0,0.273086,0.488257,-0.141429,0.0,0.0,0.501682,0.266234,-0.159335,0.0,0.0,0.457011,0.339278,-0.225676,0.0,0.0,0.425181,0.405542,-0.261173,0.0,0.0,0.386116,0.471605,-0.284274,0.0,0.0,0.587722,0.264408,-0.166631,0.0,0.0,0.576027,0.407918,-0.236786,0.0,0.0,0.553829,0.53661,-0.270176,0.0,0.0,0.528148,0.648108,-0.298718,0.0,0.0,0.662526,0.276682,-0.169265,0.0,0.0,0.688865,0.420792,-0.236261,0.0,0.0,0.678831,0.53476,-0.26758,0.0,0.0,0.66257,0.632124,-0.289162,0.0,0.0,0.721906,0.292821,-0.170091,0.0,0.0,0.771867,0.413087,-0.22419,0.0,0.0,0.80174,0.49374,-0.251216,0.0,0.0,0.823687,0.571852,-0.272238,0.0,0.0
video19.mp4,c394e6472a5abf1abdd0edf2321c8d36ce9a2504a1a01030d8158d99ceb47a94,640,480,12.11,109,9.0,23,1916,Left,0.993265,0.606386,0.11543,1e-06,0.0,0.0,0.501508,0.212666,-0.027445,0.0,0.0,0.412608,0.322106,-0.065411,0.0,0.0,0.339477,0.423132,-0.094955,0.0,0.0,0.274344,0.484392,-0.126282,0.0,0.0,0.489066,0.279905,-0.163366,0.0,0.0,0.441731,0.390226,-0.230675,0.0,0.0,0.412519,0.478466,-0.263478,0.0,0.0,0.376794,0.554896,-0.283402,0.0,0.0,0.578485,0.271746,-0.171243,0.0,0.0,0.572764,0.412507,-0.245015,0.0,0.0,0.555184,0.543743,-0.27414,0.0,0.0,0.531482,0.649549,-0.297915,0.0,0.0,0.657472,0.277532,-0.173933,0.0,0.0,0.685985,0.41099,-0.24007,0.0,0.0,0.676389,0.529802,-0.268961,0.0,0.0,0.65752,0.627672,-0.28857,0.0,0.0,0.72059,0.29108,-0.174486,0.0,0.0,0.772684,0.408209,-0.229991,0.0,0.0,0.802538,0.490872,-0.260276,0.0,0.0,0.821209,0.573181,-0.282342,0.0,0.0
video19.mp4,c394e6472a5abf1abdd0edf2321c8d36ce9a2504a1a01030d8158d99ceb47a94,640,480,12.11,109,9.0,24,2000,Left,0.994776,0.607156,0.118672,1e-06,0.0,0.0,0.501201,0.212781,-0.042578,0.0,0.0,0.414242,0.314928,-0.089063,0.0,0.0,0.338384,0.418519,-0.124138,0.0,0.0,0.268368,0.488217,-0.160301,0.0,0.0,0.47777,0.283601,-0.185131,0.0,0.0,0.436043,0.422448,-0.259108,0.0,0.0,0.420227,0.529548,-0.296262,0.0,0.0,0.401643,0.628603,-0.321082,0.0,0.0,0.571661,0.273529,-0.188572,0.0,0.0,0.571593,0.412407,-0.272142,0.0,0.0,0.559225,0.539518,-0.307943,0.0,0.0,0.54039,0.650854,-0.337303,0.0,0.0,0.653383,0.277803,-0.187448,0.0,0.0,0.683566,0.401409,-0.259683,0.0,0.0,0.672922,0.514351,-0.292172,0.0,0.0,0.653656,0.61345,-0.315614,0.0,0.0,0.717373,0.291877,-0.185805,0.0,0.0,0.767462,0.405269,-0.246763,0.0,0.0,0.79908,0.489592,-0.282194,0.0,0.0,0.819483,0.575234,-0.308867,0.0,0.0
video19.mp4,c394e6472a5abf1abdd0edf2321c8d36ce9a2504a1a01030d8158d99ceb47a94,640,480,12.11,109,9.0,25,2083,Left,0.996515,0.611352,0.108904,1e-06,0.0,0.0,0.501689,0.203716,-0.043155,0.0,0.0,0.413846,0.312684,-0.089358,0.0,0.0,0.334347,0.416978,-0.124,0.0,0.0,0.261251,0.478113,-0.160167,0.0,0.0,0.480127,0.277745,-0.184714,0.0,0.0,0.43197,0.417014,-0.256701,0.0,0.0,0.413131,0.529163,-0.293376,0.0,0.0,0.395581,0.62481,-0.317862,0.0,0.0,0.575159,0.269084,-0.188187,0.0,0.0,0.572999,0.417385,-0.267311,0.0,0.0,0.558157,0.549572,-0.301402,0.0,0.0,0.541416,0.650684,-0.328974,0.0,0.0,0.65544,0.273814,-0.186873,0.0,0.0,0.68309,0.418466,-0.255648,0.0,0.0,0.673366,0.537431,-0.286575,0.0,0.0,0.658151,0.632499,-0.308926,0.0,0.0,0.717556,0.286344,-0.185066,0.0,0.0,0.767324,0.409085,-0.243813,0.0,0.0,0.798882,0.495627,-0.276042,0.0,0.0,0.818745,0.575418,-0.299617,0.0,0.0
video19.mp4,c394e6472a5abf1abdd0edf2321c8d36ce9a2504a1a01030d8158d99ceb47a94,640,480,12.11,109,9.0,26,2166,Left,0.990574,0.610493,0.110985,1e-06,0.0,0.0,0.500479,0.190803,-0.045289,0.0,0.0,0.408111,0.281706,-0.09652,0.0,0.0,0.327594,0.370717,-0.13544,0.0,0.0,0.253002,0.410335,-0.176078,0.0,0.0,0.477168,0.27394,-0.202225,0.0,0.0,0.433172,0.421175,-0.282261,0.0,0.0,0.414873,0.534399,-0.32191,0.0,0.0,0.399662,0.625525,-0.347772,0.0,0.0,0.573914,0.280962,-0.206663,0.0,0.0,0.570801,0.432613,-0.299718,0.0,0.0,0.555655,0.558979,-0.338162,0.0,0.0,0.540253,0.651121,-0.366917,0.0,0.0,0.656164,0.291172,-0.205466,0.0,0.0,0.683165,0.425899,-0.284967,0.0,0.0,0.673703,0.540469,-0.319888,0.0,0.0,0.65902,0.629488,-0.343737,0.0,0.0,0.718692,0.302689,-0.203461,0.0,0.0,0.76525,0.421768,-0.271407,0.0,0.0,0.797835,0.500068,-0.3088,0.0,0.0,0.820195,0.57538,-0.335377,0.0,0.0
video19.mp4,c394e6472a5abf1abdd0edf2321c8d36ce9a2504a1a01030d8158d99ceb47a94,640,480,12.11,109,9.0,27,2250,Left,0.923613,0.625714,0.099475,1e-06,0.0,0.0,0.514509,0.151236,-0.052817,0.0,0.0,0.418825,0.215489,-0.103248,0.0,0.0,0.328684,0.26498,-0.141926,0.0,0.0,0.250006,0.289754,-0.182223,0.0,0.0,0.503996,0.266437,-0.185713,0.0,0.0,0.448903,0.413711,-0.254473,0.0,0.0,0.425416,0.520459,-0.287081,0.0,0.0,0.400708,0.614972,-0.309718,0.0,0.0,0.595382,0.2932,-0.183495,0.0,0.0,0.579344,0.434137,-0.265883,0.0,0.0,0.56067,0.55197,-0.300946,0.0,0.0,0.538638,0.651486,-0.327543,0.0,0.0,0.671798,0.306598,-0.176656,0.0,0.0,0.68828,0.439072,-0.247441,0.0,0.0,0.677428,0.544934,-0.278148,0.0,0.0,0.659772,0.634219,-0.298847,0.0,0.0,0.725788,0.309066,-0.170517,0.0,0.0,0.770256,0.424698,-0.233658,0.0,0.0,0.800819,0.497619,-0.268139,0.0,0.0,0.821827,0.573402,-0.291582,0.0,0.0
video19.mp4,c394e6472a5abf1abdd0edf2321c8d36ce9a2504a1a01030d8158d99ceb47a94,640,480,12.11,109,9.0,28,2333,Left,0.945956,0.63912,0.082457,1e-06,0.0,0.0,0.519121,0.132052,-0.048899,0.0,0.0,0.41538,0.202295,-0.096649,0.0,0.0,0.326143,0.261315,-0.135205,0.0,0.0,0.248517,0.287993,-0.176421,0.0,0.0,0.515009,0.264813,-0.169485,0.0,0.0,0.460147,0.415507,-0.231512,0.0,0.0,0.433832,0.525445,-0.260046,0.0,0.0,0.408494,0.622053,-0.279964,0.0,0.0,0.60763,0.294572,-0.169023,0.0,0.0,0.586592,0.442385,-0.241548,0.0,0.0,0.566089,0.560294,-0.270381,0.0,0.0,0.542774,0.655079,-0.293155,0.0,0.0,0.686,0.304398,-0.164382,0.0,0.0,0.691546,0.442546,-0.226857,0.0,0.0,0.674337,0.548709,-0.251446,0.0,0.0,0.652101,0.634847,-0.26831,0.0,0.0,0.7427,0.29806,-0.160781,0.0,0.0,0.777281,0.418322,-0.215697,0.0,0.0,0.798684,0.496226,-0.24395,0.0,0.0,0.81467,0.572608,-0.2633,0.0,0.0
video19.mp4,c394e6472a5abf1abdd0edf2321c8d36ce9a2504a1a01030d8158d99ceb47a94,640,480,12.11,109,9.0,29,2416,Left,0.959054,0.647152,0.081688,1e-06,0.0,0.0,0.520313,0.147928,-0.045201,0.0,0.0,0.411701,0.242201,-0.087447,0.0,0.0,0.331726,0.347873,-0.118742,0.0,0.0,0.280355,0.439418,-0.152226,0.0,0.0,0.513632,0.287346,-0.16892,0.0,0.0,0.465007,0.434248,-0.233086,0.0,0.0,0.439143,0.538512,-0.263861,0.0,0.0,0.411105,0.633731,-0.284602,0.0,0.0,0.611032,0.307094,-0.168089,0.0,0.0,0.592067,0.456724,-0.242271,0.0,0.0,0.571961,0.572931,-0.273612,0.0,0.0,0.547201,0.665593,-0.298738,0.0,0.0,0.691173,0.316491,-0.162609,0.0,0.0,0.698641,0.453607,-0.226127,0.0,0.0,0.683271,0.559501,-0.251541,0.0,0.0,0.65967,0.647981,-0.270063,0.0,0.0,0.749811,0.313947,-0.157381,0.0,0.0,0.787431,0.425945,-0.215615,0.0,0.0,0.808806,0.498361,-0.246749,0.0,0.0,0.82205,0.573623,-0.267933,0.0,0.0
video19.mp4,c394e6472a5abf1abdd0edf2321c8d36ce9a2504a1a01030d8158d99ceb47a94,640,480,12.11,109,9.0,30,2500,Left,0.867234,0.640146,0.10387,1e-06,0.0,0.0,0.523411,0.156294,-0.049975,0.0,0.0,0.425014,0.227276,-0.097965,0.0,0.0,0.343856,0.303848,-0.136518,0.0,0.0,0.285789,0.36889,-0.176853,0.0,0.0,0.519026,0.292324,-0.168583,0.0,0.0,0.469571,0.436555,-0.23447,0.0,0.0,0.443723,0.534058,-0.266835,0.0,0.0,0.414803,0.624142,-0.289043,0.0,0.0,0.611348,0.317095,-0.168175,0.0,0.0,0.593535,0.455864,-0.247173,0.0,0.0,0.574688,0.564547,-0.283375,0.0,0.0,0.550482,0.656462,-0.311523,0.0,0.0,0.68915,0.32403,-0.163605,0.0,0.0,0.6958,0.450851,-0.232072,0.0,0.0,0.68019,0.551175,-0.260832,0.0,0.0,0.658026,0.636291,-0.280592,0.0,0.0,0.745705,0.316773,-0.159705,0.0,0.0,0.781753,0.428644,-0.219647,0.0,0.0,0.805364,0.497144,-0.25034,0.0,0.0,0.824782,0.569116,-0.271215,0.0,0.0
video19.mp4,c394e6472a5abf1abdd0edf2321c8d36ce9a2504a1a01030d8158d99ceb47a94,640,480,12.11,109,9.0,31,2583,Left,0.897914,0.641858,0.113164,1e-06,0.0,0.0,0.523781,0.163732,-0.052243,0.0,0.0,0.422984,0.234603,-0.099592,0.0,0.0,0.343528,0.318173,-0.135918,0.0,0.0,0.292474,0.396408,-0.173697,0.0,0.0,0.521106,0.298245,-0.175693,0.0,0.0,0.471769,0.437005,-0.243519,0.0,0.0,0.443218,0.535179,-0.276811,0.0,0.0,0.413122,0.625877,-0.298934,0.0,0.0,0.614644,0.323323,-0.1724,0.0,0.0,0.596377,0.459868,-0.250481,0.0,0.0,0.577046,0.567979,-0.283776,0.0,0.0,0.55338,0.656712,-0.30972,0.0,0.0,0.691733,0.331228,-0.165056,0.0,0.0,0.699093,0.457694,-0.233291,0.0,0.0,0.683549,0.557492,-0.260772,0.0,0.0,0.660673,0.640292,-0.279474,0.0,0.0,0.745994,0.324689,-0.158321,0.0,0.0,0.782887,0.433241,-0.218916,0.0,0.0,0.806584,0.501614,-0.249974,0.0,0.0,0.824498,0.572356,-0.270794,0.0,0.0
video19.mp4,c394e6472a5abf1abdd0edf2321c8d36ce9a2504a1a01030d8158d99ceb47a94,640,480,12.11,109,9.0,32,2666,Left,0.906907,0.637213,0.116,1e-06,0.0,0.0,0.51773,0.175885,-0.048602,0.0,0.0,0.413232,0.261939,-0.091825,0.0,0.0,0.336711,0.359759,-0.124421,0.0,0.0,0.285388,0.444592,-0.158724,0.0,0.0,0.515288,0.304992,-0.167837,0.0,0.0,0.468714,0.441149,-0.232573,0.0,0.0,0.44205,0.535641,-0.26379,0.0,0.0,0.412197,0.62442,-0.284956,0.0,0.0,0.610959,0.323795,-0.165965,0.0,0.0,0.594797,0.459198,-0.24388,0.0,0.0,0.577902,0.568054,-0.277881,0.0,0.0,0.555646,0.659142,-0.304517,0.0,0.0,0.689731,0.329686,-0.160015,0.0,0.0,0.697752,0.456171,-0.229252,0.0,0.0,0.684088,0.555478,-0.256835,0.0,0.0,0.663102,0.639725,-0.27541,0.0,0.0,0.746112,0.324638,-0.154347,0.0,0.0,0.781997,0.436801,-0.216323,0.0,0.0,0.806492,0.505014,-0.248257,0.0,0.0,0.826199,0.575356,-0.269787,0.0,0.0
video19.mp4,c394e6472a5abf1abdd0edf2321c8d36ce9a2504a1a01030d8158d99ceb47a94,640,480,12.11,109,9.0,33,2750,Left,0.903112,0.63836,0.117969,1e-06,0.0,0.0,0.520513,0.174764,-0.048665,0.0,0.0,0.418991,0.254118,-0.092526,0.0,0.0,0.336656,0.341445,-0.126533,0.0,0.0,0.280351,0.416666,-0.162069,0.0,0.0,0.51781,0.307462,-0.161688,0.0,0.0,0.467144,0.440935,-0.224341,0.0,0.0,0.44039,0.535446,-0.254803,0.0,0.0,0.41063,0.62506,-0.275857,0.0,0.0,0.610945,0.330549,-0.160224,0.0,0.0,0.593501,0.461318,-0.235939,0.0,0.0,0.57587,0.569251,-0.268941,0.0,0.0,0.552903,0.660879,-0.294721,0.0,0.0,0.689045,0.336799,-0.155053,0.0,0.0,0.697047,0.458318,-0.222237,0.0,0.0,0.68326,0.555322,-0.248417,0.0,0.0,0.662531,0.639652,-0.266052,0.0,0.0,0.745569,0.329863,-0.150602,0.0,0.0,0.781775,0.43751,-0.211137,0.0,0.0,0.806597,0.503954,-0.241596,0.0,0.0,0.826835,0.574911,-0.261956,0.0,0.0
video19.mp4,c394e6472a5abf1abdd0edf2321c8d36ce9a2504a1a01030d8158d99ceb47a94,640,480,12.11,109,9.0,34,2833,Left,0.888817,0.638703,0.118124,1e-06,0.0,0.0,0.521453,0.173938,-0.051787,0.0,0.0,0.424554,0.243143,-0.101643,0.0,0.0,0.339675,0.314476,-0.140646,0.0,0.0,0.271965,0.37055,-0.181241,0.0,0.0,0.515293,0.313195,-0.175237,0.0,0.0,0.465183,0.446242,-0.243392,0.0,0.0,0.439231,0.541558,-0.276863,0.0,0.0,0.41246,0.628202,-0.299294,0.0,0.0,0.609473,0.34138,-0.172452,0.0,0.0,0.593039,0.472527,-0.251495,0.0,0.0,0.574726,0.575524,-0.284333,0.0,0.0,0.552319,0.658557,-0.309834,0.0,0.0,0.689735,0.348656,-0.165697,0.0,0.0,0.697929,0.473949,-0.237172,0.0,0.0,0.681811,0.566839,-0.265683,0.0,0.0,0.659062,0.642926,-0.284262,0.0,0.0,0.745551,0.33985,-0.15908,0.0,0.0,0.78312,0.44852,-0.22093,0.0,0.0,0.807877,0.512579,-0.251815,0.0,0.0,0.828137,0.579907,-0.272564,0.0,0.0
video19.mp4,c394e6472a5abf1abdd0edf2321c8d36ce9a2504a1a01030d8158d99ceb47a94,640,480,12.11,109,9.0,35,2916,Left,0.919859,0.631689,0.120544,1e-06,0.0,0.0,0.511501,0.18327,-0.04296,0.0,0.0,0.407853,0.275477,-0.081924,0.0,0.0,0.331693,0.372238,-0.111676,0.0,0.0,0.278249,0.449639,-0.142965,0.0,0.0,0.509552,0.311556,-0.151389,0.0,0.0,0.465128,0.439852,-0.210709,0.0,0.0,0.440242,0.531475,-0.239965,0.0,0.0,0.411369,0.616931,-0.260379,0.0,0.0,0.605378,0.332569,-0.151349,0.0,0.0,0.59187,0.466099,-0.222818,0.0,0.0,0.574427,0.573337,-0.254713,0.0,0.0,0.551043,0.661268,-0.280192,0.0,0.0,0.685318,0.339585,-0.147379,0.0,0.0,0.694846,0.468862,-0.211285,0.0,0.0,0.682043,0.566592,-0.23718,0.0,0.0,0.661738,0.648756,-0.255079,0.0,0.0,0.742579,0.333809,-0.143605,0.0,0.0,0.778606,0.443935,-0.20062,0.0,0.0,0.804835,0.508377,-0.229597,0.0,0.0,0.826577,0.575722,-0.249426,0.0,0.0
video19.mp4,c394e6472a5abf1abdd0edf2321c8d36ce9a2504a1a01030d8158d99ceb47a94,640,480,12.11,109,9.0,36,3000,Left,0.949585,0.628336,0.121525,1e-06,0.0,0.0,0.512012,0.181733,-0.040641,0.0,0.0,0.40529,0.273154,-0.076984,0.0,0.0,0.327467,0.369325,-0.104405,0.0,0.0,0.272866,0.445622,-0.133664,0.0,0.0,0.508321,0.306278,-0.142259,0.0,0.0,0.462854,0.439036,-0.194343,0.0,0.0,0.43782,0.5334,-0.219657,0.0,0.0,0.41089,0.622317,-0.237855,0.0,0.0,0.602151,0.325253,-0.141792,0.0,0.0,0.586911,0.45994,-0.199657,0.0,0.0,0.574417,0.567203,-0.223658,0.0,0.0,0.557689,0.659053,-0.245615,0.0,0.0,0.681388,0.333299,-0.138218,0.0,0.0,0.689574,0.461681,-0.191828,0.0,0.0,0.680847,0.557647,-0.213712,0.0,0.0,0.6669,0.640346,-0.230886,0.0,0.0,0.737971,0.332258,-0.135205,0.0,0.0,0.78542,0.44622,-0.186842,0.0,0.0,0.825329,0.511116,-0.214305,0.0,0.0,0.859271,0.575685,-0.233835,0.0,0.0
video19.mp4,c394e6472a5abf1abdd0edf2321c8d36ce9a2504a1a01030d8158d99ceb47a94,640,480,12.11,109,9.0,37,3083,Left,0.98021,0.624238,0.148255,1e-06,0.0,0.0,0.50023,0.207969,-0.043693,0.0,0.0,0.395626,0.286892,-0.080664,0.0,0.0,0.317415,0.370177,-0.107935,0.0,0.0,0.265161,0.440781,-0.137692,0.0,0.0,0.50134,0.330511,-0.142283,0.0,0.0,0.45597,0.43718,-0.192915,0.0,0.0,0.435499,0.518395,-0.220416,0.0,0.0,0.411351,0.607953,-0.241815,0.0,0.0,0.602481,0.356221,-0.139411,0.0,0.0,0.604588,0.479861,-0.194818,0.0,0.0,0.60655,0.576235,-0.222241,0.0,0.0,0.602661,0.670367,-0.248209,0.0,0.0,0.68131,0.363809,-0.131856,0.0,0.0,0.705489,0.471108,-0.180597,0.0,0.0,0.712577,0.555848,-0.201878,0.0,0.0,0.71,0.645119,-0.221373,0.0,0.0,0.735024,0.358051,-0.125222,0.0,0.0,0.787856,0.428524,-0.168979,0.0,0.0,0.823024,0.456971,-0.189216,0.0,0.0,0.846271,0.497405,-0.205399,0.0,0.0
video19.mp4,c394e6472a5abf1abdd0edf2321c8d36ce9a2504a1a01030d8158d99ceb47a94,640,480,12.11,109,9.0,38,3166,Left,0.921181,0.616926,0.143461,1e-06,0.0,0.0,0.498537,0.209065,-0.042846,0.0,0.0,0.399535,0.289119,-0.086115,0.0,0.0,0.320834,0.367684,-0.120082,0.0,0.0,0.265802,0.433192,-0.158936,0.0,0.0,0.50374,0.322875,-0.163061,0.0,0.0,0.455502,0.414387,-0.229592,0.0,0.0,0.429473,0.497969,-0.271141,0.0,0.0,0.401497,0.584677,-0.301686,0.0,0.0,0.602769,0.341306,-0.163849,0.0,0.0,0.595454,0.44527,-0.225716,0.0,0.0,0.591481,0.528598,-0.256561,0.0,0.0,0.586599,0.60688,-0.285622,0.0,0.0,0.679711,0.34814,-0.159636,0.0,0.0,0.702247,0.456056,-0.218366,0.0,0.0,0.719981,0.545697,-0.247321,0.0,0.0,0.72993,0.632885,-0.272194,0.0,0.0,0.730935,0.342006,-0.154832,0.0,0.0,0.78523,0.400064,-0.205244,0.0,0.0,0.830791,0.43003,-0.228839,0.0,0.0,0.863405,0.46874,-0.248172,0.0,0.0
video19.mp4,c394e6472a5abf1abdd0edf2321c8d36ce9a2504a1a01030d8158d99ceb47a94,640,480,12.11,109,9.0,39,3250,Left,0.942212,0.612051,0.125699,1e-06,0.0,0.0,0.495179,0.201809,-0.046697,0.0,0.0,0.397817,0.286315,-0.089417,0.0,0.0,0.31916,0.370991,-0.121897,0.0,0.0,0.26205,0.436104,-0.155786,0.0,0.0,0.498173,0.324511,-0.159214,0.0,0.0,0.454005,0.430421,-0.221298,0.0,0.0,0.432882,0.519097,-0.254664,0.0,0.0,0.409362,0.61207,-0.278574,0.0,0.0,0.598656,0.339233,-0.15837,0.0,0.0,0.613076,0.465515,-0.224744,0.0,0.0,0.617052,0.569898,-0.252569,0.0,0.0,0.614823,0.663158,-0.27697,0.0,0.0,0.677727,0.339984,-0.153706,0.0,0.0,0.710024,0.447829,-0.212365,0.0,0.0,0.718413,0.541938,-0.233621,0.0,0.0,0.719333,0.633755,-0.250366,0.0,0.0,0.729979,0.328217,-0.15026,0.0,0.0,0.795265,0.41799,-0.201185,0.0,0.0,0.840015,0.472384,-0.224609,0.0,0.0,0.873755,0.534165,-0.241741,0.0,0.0
video19.mp4,c394e6472a5abf1abdd0edf2321c8d36ce9a2504a1a01030d8158d99ceb47a94,640,480,12.11,109,9.0,40,3333,Left,0.900353,0.616735,0.135878,1e-06,0.0,0.0,0.503031,0.22233,-0.02952,0.0,0.0,0.41167,0.296672,-0.072937,0.0,0.0,0.332097,0.374431,-0.109671,0.0,0.0,0.269806,0.434352,-0.148418,0.0,0.0,0.495694,0.336306,-0.151754,0.0,0.0,0.461136,0.411623,-0.220304,0.0,0.0,0.451808,0.48948,-0.255568,0.0,0.0,0.43875,0.562389,-0.278384,0.0,0.0,0.591024,0.349748,-0.16115,0.0,0.0,0.57703,0.453322,-0.239198,0.0,0.0,0.565837,0.559369,-0.268279,0.0,0.0,0.546158,0.636774,-0.291436,0.0,0.0,0.676894,0.34922,-0.166163,0.0,0.0,0.69397,0.451269,-0.236458,0.0,0.0,0.691452,0.548783,-0.259958,0.0,0.0,0.675031,0.629457,-0.275624,0.0,0.0,0.743633,0.339666,-0.169526,0.0,0.0,0.800795,0.421742,-0.231653,0.0,0.0,0.839589,0.482828,-0.260076,0.0,0.0,0.867362,0.547872,-0.279219,0.0,0.0
video19.mp4,c394e6472a5abf1abdd0edf2321c8d36ce9a2504a1a01030d8158d99ceb47a94,640,480,12.11,109,9.0,41,3416,Left,0.981969,0.613402,0.105952,0.0,0.0,0.0,0.500794,0.195293,-0.034471,0.0,0.0,0.405051,0.287892,-0.078903,0.0,0.0,0.323388,0.369112,-0.114659,0.0,0.0,0.260657,0.429319,-0.154245,0.0,0.0,0.498239,0.285435,-0.175597,0.0,0.0,0.457003,0.374962,-0.246645,0.0,0.0,0.436965,0.460151,-0.286597,0.0,0.0,0.417472,0.547315,-0.313885,0.0,0.0,0.5914,0.282707,-0.182282,0.0,0.0,0.595795,0.403193,-0.254959,0.0,0.0,0.588238,0.514847,-0.28586,0.0,0.0,0.579909,0.608975,-0.312868,0.0,0.0,0.666657,0.285826,-0.18269,0.0,0.0,0.70452,0.4114,-0.249102,0.0,0.0,0.715971,0.521356,-0.276118,0.0,0.0,0.71792,0.621961,-0.297299,0.0,0.0,0.71951,0.288823,-0.181559,0.0,0.0,0.78434,0.375459,-0.237676,0.0,0.0,0.832462,0.425712,-0.262779,0.0,0.0,0.867302,0.479514,-0.281933,0.0,0.0
video19.mp4,c394e6472a5abf1abdd0edf2321c8d36ce9a2504a1a01030d8158d99ceb47a94,640,480,12.11,109,9.0,42,3500,Left,0.992486,0.618689,0.086177,0.0,0.0,0.0,0.514211,0.163079,-0.027558,0.0,0.0,0.420107,0.247943,-0.06824,0.0,0.0,0.338481,0.318305,-0.101955,0.0,0.0,0.272396,0.361197,-0.139713,0.0,0.0,0.498551,0.275243,-0.155146,0.0,0.0,0.457154,0.369128,-0.215114,0.0,0.0,0.443348,0.452151,-0.244751,0.0,0.0,0.424348,0.526655,-0.265194,0.0,0.0,0.587922,0.286193,-0.163824,0.0,0.0,0.584485,0.405656,-0.222601,0.0,0.0,0.578866,0.514336,-0.244154,0.0,0.0,0.56572,0.594948,-0.264827,0.0,0.0,0.66596,0.284965,-0.167125,0.0,0.0,0.699336,0.403591,-0.218446,0.0,0.0,0.706642,0.510169,-0.242268,0.0,0.0,0.698579,0.597434,-0.26329,0.0,0.0,0.721959,0.272027,-0.16913,0.0,0.0,0.789733,0.348482,-0.218216,0.0,0.0,0.831994,0.40464,-0.245472,0.0,0.0,0.858729,0.462529,-0.266226,0.0,0.0
video19.mp4,c394e6472a5abf1abdd0edf2321c8d36ce9a2504a1a01030d8158d99ceb47a94,640,480,12.11,109,9.0,43,3583,Left,0.9677,0.624674,0.061077,0.0,0.0,0.0,0.520452,0.125226,-0.036455,0.0,0.0,0.420136,0.214976,-0.07732,0.0,0.0,0.333617,0.284971,-0.111686,0.0,0.0,0.267691,0.334258,-0.150928,0.0,0.0,0.498479,0.208136,-0.151156,0.0,0.0,0.458896,0.2905,-0.212377,0.0,0.0,0.439325,0.368597,-0.24719,0.0,0.0,0.41962,0.456646,-0.272939,0.0,0.0,0.58454,0.216702,-0.160344,0.0,0.0,0.584416,0.351942,-0.219731,0.0,0.0,0.577692,0.465039,-0.248046,0.0,0.0,0.567744,0.573542,-0.274456,0.0,0.0,0.65852,0.224236,-0.165548,0.0,0.0,0.696914,0.364038,-0.22049,0.0,0.0,0.716789,0.48459,-0.247315,0.0,0.0,0.723618,0.601402,-0.27025,0.0,0.0,0.712957,0.224201,-0.170817,0.0,0.0,0.77738,0.31747,-0.218068,0.0,0.0,0.823056,0.380802,-0.241492,0.0,0.0,0.855687,0.449491,-0.261557,0.0,0.0
video19.mp4,c394e6472a5abf1abdd0edf2321c8d36ce9a2504a1a01030d8158d99ceb47a94,640,480,12.11,109,9.0,44,3666,Left,0.989345,0.618368,0.028324,0.0,0.0,0.0,0.516143,0.100894,-0.029313,0.0,0.0,0.418992,0.19069,-0.063822,0.0,0.0,0.341785,0.27389,-0.092546,0.0,0.0,0.287246,0.339413,-0.125295,0.0,0.0,0.4895,0.168701,-0.142995,0.0,0.0,0.453315,0.292011,-0.19457,0.0,0.0,0.435546,0.385017,-0.220129,0.0,0.0,0.418539,0.475938,-0.239233,0.0,0.0,0.575952,0.160893,-0.152145,0.0,0.0,0.571556,0.285607,-0.206924,0.0,0.0,0.566359,0.389382,-0.228891,0.0,0.0,0.559399,0.488613,-0.251344,0.0,0.0,0.651433,0.165935,-0.157134,0.0,0.0,0.670003,0.29737,-0.208113,0.0,0.0,0.670325,0.41052,-0.227532,0.0,0.0,0.666395,0.515438,-0.244818,0.0,0.0,0.714214,0.177987,-0.161677,0.0,0.0,0.768087,0.301274,-0.207742,0.0,0.0,0.80454,0.387807,-0.229676,0.0,0.0,0.832047,0.46765,-0.247311,0.0,0.0
video19.mp4,c394e6472a5abf1abdd0edf2321c8d36ce9a2504a1a01030d8158d99ceb47a94,640,480,12.11,109,9.0,45,3750,Left,0.989645,0.624231,0.036948,0.0,0.0,0.0,0.511324,0.111734,-0.033978,0.0,0.0,0.405527,0.209102,-0.068595,0.0,0.0,0.335663,0.310145,-0.09457,0.0,0.0,0.284275,0.388529,-0.12356,0.0,0.0,0.485029,0.186997,-0.151982,0.0,0.0,0.447652,0.329208,-0.207241,0.0,0.0,0.426435,0.431772,-0.234326,0.0,0.0,0.402879,0.523026,-0.253883,0.0,0.0,0.577801,0.183092,-0.157871,0.0,0.0,0.580303,0.324704,-0.219724,0.0,0.0,0.564236,0.444134,-0.246271,0.0,0.0,0.540582,0.5461,-0.269612,0.0,0.0,0.654686,0.190386,-0.159714,0.0,0.0,0.678871,0.341864,-0.214342,0.0,0.0,0.667337,0.453922,-0.238708,0.0,0.0,0.644548,0.550722,-0.258134,0.0,0.0,0.711592,0.202638,-0.161079,0.0,0.0,0.761138,0.32349,-0.210977,0.0,0.0,0.789745,0.410223,-0.238218,0.0,0.0,0.803339,0.49068,-0.258402,0.0,0.0
video19.mp4,c394e6472a5abf1abdd0edf2321c8d36ce9a2504a1a01030d8158d99ceb47a94,640,480,12.11,109,9.0,46,3833,Left,0.981297,0.608344,0.068741,0.0,0.0,0.0,0.495388,0.144829,-0.034077,0.0,0.0,0.399633,0.23834,-0.070116,0.0,0.0,0.337396,0.3349,-0.098465,0.0,0.0,0.286266,0.40697,-0.129894,0.0,0.0,0.480366,0.223288,-0.147936,0.0,0.0,0.443233,0.347755,-0.205682,0.0,0.0,0.422983,0.440017,-0.236469,0.0,0.0,0.398232,0.524328,-0.258888,0.0,0.0,0.571821,0.221473,-0.155612,0.0,0.0,0.574347,0.344654,-0.224202,0.0,0.0,0.560989,0.45762,-0.257729,0.0,0.0,0.540282,0.555884,-0.285248,0.0,0.0,0.647952,0.227101,-0.158926,0.0,0.0,0.674945,0.356036,-0.220359,0.0,0.0,0.665925,0.457655,-0.246824,0.0,0.0,0.647008,0.550455,-0.266672,0.0,0.0,0.706433,0.235379,-0.161665,0.0,0.0,0.754113,0.342282,-0.215037,0.0,0.0,0.783939,0.41682,-0.241415,0.0,0.0,0.800488,0.492058,-0.260556,0.0,0.0
video19.mp4,c394e6472a5abf1abdd0edf2321c8d36ce9a2504a1a01030d8158d99ceb47a94,640,480,12.11,109,9.0,47,3916,Left,0.974837,0.609213,0.079599,0.0,0.0,0.0,0.503146,0.151301,-0.029995,0.0,0.0,0.412876,0.239129,-0.063798,0.0,0.0,0.344253,0.328516,-0.091024,0.0,0.0,0.293498,0.400844,-0.120798,0.0,0.0,0.486796,0.232333,-0.135969,0.0,0.0,0.447255,0.349007,-0.19039,0.0,0.0,0.426257,0.43844,-0.219453,0.0,0.0,0.401524,0.524351,-0.239901,0.0,0.0,0.573172,0.229951,-0.144038,0.0,0.0,0.572826,0.355002,-0.204298,0.0,0.0,0.561254,0.462429,-0.231505,0.0,0.0,0.543504,0.560207,-0.255046,0.0,0.0,0.64666,0.232617,-0.148162,0.0,0.0,0.674245,0.351715,-0.20154,0.0,0.0,0.668922,0.449227,-0.221505,0.0,0.0,0.654986,0.540544,-0.237305,0.0,0.0,0.704117,0.23631,-0.152191,0.0,0.0,0.757264,0.341961,-0.198457,0.0,0.0,0.78958,0.414605,-0.219252,0.0,0.0,0.80983,0.489772,-0.234801,0.0,0.0
video19.mp4,c394e6472a5abf1abdd0edf2321c8d36ce9a2504a1a01030d8158d99ceb47a94,640,480,12.11,109,9.0,48,4000,Left,0.980892,0.605951,0.10186,0.0,0.0,0.0,0.502222,0.165454,-0.031198,0.0,0.0,0.41516,0.24404,-0.066139,0.0,0.0,0.345745,0.328778,-0.094044,0.0,0.0,0.293318,0.399372,-0.124503,0.0,0.0,0.491327,0.235325,-0.137171,0.0,0.0,0.452898,0.350915,-0.192081,0.0,0.0,0.430771,0.440794,-0.221632,0.0,0.0,0.404532,0.526901,-0.242603,0.0,0.0,0.576395,0.233652,-0.144751,0.0,0.0,0.575982,0.358593,-0.203944,0.0,0.0,0.562026,0.465217,-0.229649,0.0,0.0,0.541666,0.562838,-0.252704,0.0,0.0,0.649329,0.236482,-0.148788,0.0,0.0,0.67625,0.353655,-0.201992,0.0,0.0,0.668905,0.450928,-0.221929,0.0,0.0,0.653183,0.543626,-0.238276,0.0,0.0,0.706365,0.24161,-0.152807,0.0,0.0,0.759438,0.337792,-0.200093,0.0,0.0,0.790051,0.408897,-0.221984,0.0,0.0,0.80904,0.485943,-0.238738,0.0,0.0
video19.mp4,c394e6472a5abf1abdd0edf2321c8d36ce9a2504a1a01030d8158d99ceb47a94,640,480,12.11,109,9.0,49,4083,Left,0.977781,0.608433,0.097892,0.0,0.0,0.0,0.505307,0.164166,-0.031348,0.0,0.0,0.417163,0.247232,-0.065865,0.0,0.0,0.346722,0.334319,-0.093554,0.0,0.0,0.294225,0.405166,-0.123797,0.0,0.0,0.494667,0.240885,-0.13521,0.0,0.0,0.451677,0.357111,-0.188854,0.0,0.0,0.428301,0.44605,-0.217813,0.0,0.0,0.401185,0.532341,-0.238732,0.0,0.0,0.577462,0.239014,-0.142011,0.0,0.0,0.572976,0.355583,-0.201643,0.0,0.0,0.560576,0.461628,-0.228494,0.0,0.0,0.543668,0.560649,-0.252556,0.0,0.0,0.649018,0.240785,-0.145143,0.0,0.0,0.673786,0.35548,-0.198166,0.0,0.0,0.668358,0.45185,-0.217766,0.0,0.0,0.656497,0.543507,-0.233913,0.0,0.0,0.70532,0.243664,-0.148341,0.0,0.0,0.75799,0.342106,-0.195383,0.0,0.0,0.78824,0.414705,-0.217246,0.0,0.0,0.809124,0.492083,-0.233987,0.0,0.0
video19.mp4,c394e6472a5abf1abdd0edf2321c8d36ce9a2504a1a01030d8158d99ceb47a94,640,480,12.11,109,9.0,50,4166,Left,0.963765,0.609316,0.079973,0.0,0.0,0.0,0.510824,0.151536,-0.026591,0.0,0.0,0.42193,0.242437,-0.057994,0.0,0.0,0.349018,0.327727,-0.08422,0.0,0.0,0.296486,0.396817,-0.112957,0.0,0.0,0.500328,0.238422,-0.124111,0.0,0.0,0.459025,0.340122,-0.174578,0.0,0.0,0.437945,0.413808,-0.201137,0.0,0.0,0.412371,0.490083,-0.220722,0.0,0.0,0.575957,0.240247,-0.133123,0.0,0.0,0.568568,0.350157,-0.189336,0.0,0.0,0.559497,0.448545,-0.21474,0.0,0.0,0.545006,0.543046,-0.238257,0.0,0.0,0.644056,0.240805,-0.138639,0.0,0.0,0.667042,0.35176,-0.190329,0.0,0.0,0.665289,0.447137,-0.209661,0.0,0.0,0.655279,0.537793,-0.225771,0.0,0.0,0.699963,0.238769,-0.143834,0.0,0.0,0.752739,0.336935,-0.190497,0.0,0.0,0.784706,0.406466,-0.212799,0.0,0.0,0.806946,0.480984,-0.230123,0.0,0.0
video19.mp4,c394e6472a5abf1abdd0edf2321c8d36ce9a2504a1a01030d8158d99ceb47a94,640,480,12.11,109,9.0,51,4250,Left,0.976822,0.605083,0.090886,0.0,0.0,0.0,0.508639,0.159201,-0.029763,0.0,0.0,0.423165,0.252969,-0.064547,0.0,0.0,0.35149,0.340281,-0.093442,0.0,0.0,0.293161,0.407484,-0.125582,0.0,0.0,0.503987,0.228273,-0.129058,0.0,0.0,0.468207,0.283615,-0.186842,0.0,0.0,0.442963,0.332515,-0.218745,0.0,0.0,0.408034,0.383779,-0.239447,0.0,0.0,0.578424,0.229045,-0.138019,0.0,0.0,0.570648,0.354963,-0.197368,0.0,0.0,0.549592,0.46563,-0.225619,0.0,0.0,0.52217,0.563373,-0.250794,0.0,0.0,0.644828,0.233611,-0.144037,0.0,0.0,0.672089,0.357685,-0.200186,0.0,0.0,0.664529,0.459276,-0.224812,0.0,0.0,0.645907,0.551817,-0.243108,0.0,0.0,0.699107,0.238389,-0.149278,0.0,0.0,0.756256,0.336407,-0.19702,0.0,0.0,0.787491,0.409982,-0.219694,0.0,0.0,0.80834,0.487189,-0.237394,0.0,0.0
video19.mp4,c394e6472a5abf1abdd0edf2321c8d36ce9a2504a1a01030d8158d99ceb47a94,640,480,12.11,109,9.0,52,4333,Left,0.983997,0.60229,0.077774,0.0,0.0,0.0,0.506255,0.152075,-0.035273,0.0,0.0,0.419168,0.246789,-0.074547,0.0,0.0,0.346422,0.33196,-0.104941,0.0,0.0,0.292561,0.400617,-0.137237,0.0,0.0,0.496265,0.223259,-0.155576,0.0,0.0,0.461135,0.340095,-0.213232,0.0,0.0,0.442489,0.427347,-0.240624,0.0,0.0,0.421385,0.517418,-0.260745,0.0,0.0,0.575654,0.215217,-0.161968,0.0,0.0,0.571328,0.332966,-0.22742,0.0,0.0,0.560788,0.430074,-0.253406,0.0,0.0,0.547385,0.521554,-0.276308,0.0,0.0,0.644578,0.218472,-0.164479,0.0,0.0,0.673349,0.335003,-0.225232,0.0,0.0,0.669374,0.442521,-0.2506,0.0,0.0,0.65898,0.543355,-0.269906,0.0,0.0,0.697737,0.226871,-0.166393,0.0,0.0,0.754605,0.338281,-0.218373,0.0,0.0,0.787313,0.412745,-0.245632,0.0,0.0,0.809206,0.48732,-0.267037,0.0,0.0
video19.mp4,c394e6472a5abf1abdd0edf2321c8d36ce9a2504a1a01030d8158d99ceb47a94,640,480,12.11,109,9.0,53,4416,Left,0.98905,0.603266,0.085245,1e-06,0.0,0.0,0.50331,0.15842,-0.030929,0.0,0.0,0.418982,0.245483,-0.069179,0.0,0.0,0.346823,0.330447,-0.099374,0.0,0.0,0.29445,0.402922,-0.13161,0.0,0.0,0.491342,0.230878,-0.149223,0.0,0.0,0.455,0.328435,-0.207931,0.0,0.0,0.435403,0.408984,-0.237145,0.0,0.0,0.411414,0.492685,-0.257578,0.0,0.0,0.571671,0.225814,-0.157395,0.0,0.0,0.563003,0.337755,-0.223607,0.0,0.0,0.546201,0.442261,-0.250552,0.0,0.0,0.525252,0.53683,-0.273767,0.0,0.0,0.644072,0.229243,-0.161509,0.0,0.0,0.675735,0.339974,-0.222832,0.0,0.0,0.669578,0.448617,-0.247804,0.0,0.0,0.653308,0.547801,-0.266173,0.0,0.0,0.700878,0.236201,-0.164613,0.0,0.0,0.758263,0.34088,-0.217912,0.0,0.0,0.790115,0.415175,-0.244631,0.0,0.0,0.809791,0.491434,-0.264808,0.0,0.0
video19.mp4,c394e6472a5abf1abdd0edf2321c8d36ce9a2504a1a01030d8158d99ceb47a94,640,480,12.11,109,9.0,54,4500,Left,0.968994,0.608224,0.079577,0.0,0.0,0.0,0.507935,0.15081,-0.028211,0.0,0.0,0.419785,0.240377,-0.060025,0.0,0.0,0.348237,0.329505,-0.085659,0.0,0.0,0.292877,0.39762,-0.113877,0.0,0.0,0.498775,0.229641,-0.125583,0.0,0.0,0.457622,0.302065,-0.178988,0.0,0.0,0.43139,0.370582,-0.208846,0.0,0.0,0.399002,0.443193,-0.229643,0.0,0.0,0.580354,0.230781,-0.13386,0.0,0.0,0.572557,0.353742,-0.190534,0.0,0.0,0.555602,0.458825,-0.218129,0.0,0.0,0.534649,0.557196,-0.243156,0.0,0.0,0.649104,0.234539,-0.138741,0.0,0.0,0.673804,0.348178,-0.192729,0.0,0.0,0.667129,0.446226,-0.216152,0.0,0.0,0.655141,0.538486,-0.23414,0.0,0.0,0.702804,0.237998,-0.143064,0.0,0.0,0.755421,0.339202,-0.189596,0.0,0.0,0.786637,0.41206,-0.212421,0.0,0.0,0.810064,0.488549,-0.230599,0.0,0.0
video19.mp4,c394e6472a5abf1abdd0edf2321c8d36ce9a2504a1a01030d8158d99ceb47a94,640,480,12.11,109,9.0,55,4583,Left,0.968394,0.604954,0.09065,1e-06,0.0,0.0,0.50397,0.158084,-0.034559,0.0,0.0,0.419277,0.241656,-0.073164,0.0,0.0,0.348352,0.328528,-0.103757,0.0,0.0,0.292991,0.39891,-0.136584,0.0,0.0,0.494882,0.23101,-0.149991,0.0,0.0,0.456133,0.306801,-0.212447,0.0,0.0,0.430868,0.378243,-0.246442,0.0,0.0,0.399261,0.453055,-0.269652,0.0,0.0,0.579728,0.234329,-0.156433,0.0,0.0,0.572325,0.350406,-0.224323,0.0,0.0,0.554827,0.456171,-0.254623,0.0,0.0,0.532092,0.553147,-0.280749,0.0,0.0,0.65159,0.241632,-0.159034,0.0,0.0,0.676418,0.350068,-0.220599,0.0,0.0,0.666167,0.44575,-0.245457,0.0,0.0,0.647949,0.534737,-0.264098,0.0,0.0,0.707202,0.249518,-0.161238,0.0,0.0,0.761652,0.340691,-0.214269,0.0,0.0,0.79182,0.41213,-0.241198,0.0,0.0,0.810729,0.490083,-0.261857,0.0,0.0
video19.mp4,c394e6472a5abf1abdd0edf2321c8d36ce9a2504a1a01030d8158d99ceb47a94,640,480,12.11,109,9.0,56,4666,Left,0.975185,0.604504,0.0899,1e-06,0.0,0.0,0.499826,0.162812,-0.033882,0.0,0.0,0.414759,0.246689,-0.073503,0.0,0.0,0.348208,0.335751,-0.104877,0.0,0.0,0.295174,0.407039,-0.137743,0.0,0.0,0.494344,0.243092,-0.152907,0.0,0.0,0.455735,0.362258,-0.213579,0.0,0.0,0.433697,0.450375,-0.244687,0.0,0.0,0.406777,0.536983,-0.266426,0.0,0.0,0.579693,0.244208,-0.158872,0.0,0.0,0.572937,0.360362,-0.229028,0.0,0.0,0.56023,0.46848,-0.258215,0.0,0.0,0.542419,0.567476,-0.282682,0.0,0.0,0.652215,0.247912,-0.160308,0.0,0.0,0.677325,0.358463,-0.220384,0.0,0.0,0.669026,0.453084,-0.240435,0.0,0.0,0.652508,0.541078,-0.255903,0.0,0.0,0.706881,0.252787,-0.161712,0.0,0.0,0.763687,0.347663,-0.213498,0.0,0.0,0.795029,0.416926,-0.238125,0.0,0.0,0.815305,0.493472,-0.256323,0.0,0.0
video19.mp4,c394e6472a5abf1abdd0edf2321c8d36ce9a2504a1a01030d8158d99ceb47a94,640,480,12.11,109,9.0,57,4750,Left,0.975057,0.604849,0.085824,1e-06,0.0,0.0,0.50205,0.159539,-0.031681,0.0,0.0,0.414916,0.245558,-0.068898,0.0,0.0,0.347153,0.335831,-0.098932,0.0,0.0,0.295552,0.40696,-0.130779,0.0,0.0,0.494368,0.242827,-0.141629,0.0,0.0,0.452868,0.360579,-0.197805,0.0,0.0,0.430466,0.447911,-0.227069,0.0,0.0,0.405003,0.533541,-0.247537,0.0,0.0,0.578755,0.242443,-0.147196,0.0,0.0,0.572848,0.358896,-0.210173,0.0,0.0,0.561945,0.465465,-0.236305,0.0,0.0,0.546498,0.562708,-0.258923,0.0,0.0,0.651497,0.245077,-0.148574,0.0,0.0,0.676862,0.358234,-0.202453,0.0,0.0,0.670556,0.453711,-0.220212,0.0,0.0,0.656431,0.542454,-0.234624,0.0,0.0,0.706357,0.248757,-0.150064,0.0,0.0,0.762211,0.341738,-0.196879,0.0,0.0,0.792173,0.411601,-0.218662,0.0,0.0,0.811657,0.486489,-0.234941,0.0,0.0
video19.mp4,c394e6472a5abf1abdd0edf2321c8d36ce9a2504a1a01030d8158d99ceb47a94,640,480,12.11,109,9.0,58,4833,Left,0.970433,0.60887,0.079926,1e-06,0.0,0.0,0.508942,0.151356,-0.032214,0.0,0.0,0.423583,0.244002,-0.070058,0.0,0.0,0.350898,0.334656,-0.100555,0.0,0.0,0.287793,0.399269,-0.133431,0.0,0.0,0.497741,0.226878,-0.144667,0.0,0.0,0.455901,0.306022,-0.205615,0.0,0.0,0.430558,0.380005,-0.238689,0.0,0.0,0.399384,0.454517,-0.261063,0.0,0.0,0.579897,0.232788,-0.151249,0.0,0.0,0.570748,0.35073,-0.217886,0.0,0.0,0.55411,0.461472,-0.247106,0.0,0.0,0.53209,0.561035,-0.272309,0.0,0.0,0.650737,0.241544,-0.153796,0.0,0.0,0.673952,0.353605,-0.213241,0.0,0.0,0.666323,0.452461,-0.236061,0.0,0.0,0.650121,0.542879,-0.253108,0.0,0.0,0.706673,0.248853,-0.155898,0.0,0.0,0.762698,0.341787,-0.205865,0.0,0.0,0.791559,0.413405,-0.230572,0.0,0.0,0.808869,0.48896,-0.249582,0.0,0.0
video19.mp4,c394e6472a5abf1abdd0edf2321c8d36ce9a2504a1a01030d8158d99ceb47a94,640,480,12.11,109,9.0,59,4916,Left,0.981575,0.60927,0.081718,1e-06,0.0,0.0,0.507408,0.152446,-0.032353,0.0,0.0,0.422175,0.244068,-0.070269,0.0,0.0,0.350199,0.336348,-0.100822,0.0,0.0,0.287765,0.402663,-0.133647,0.0,0.0,0.494742,0.229807,-0.142271,0.0,0.0,0.452471,0.310824,-0.201933,0.0,0.0,0.427349,0.384153,-0.234547,0.0,0.0,0.397552,0.456311,-0.256626,0.0,0.0,0.577898,0.234604,-0.148513,0.0,0.0,0.571348,0.351944,-0.213168,0.0,0.0,0.554108,0.461694,-0.241399,0.0,0.0,0.532699,0.559067,-0.265672,0.0,0.0,0.649272,0.243211,-0.151135,0.0,0.0,0.676749,0.354631,-0.208797,0.0,0.0,0.666098,0.450073,-0.231704,0.0,0.0,0.647351,0.538144,-0.248912,0.0,0.0,0.704283,0.25074,-0.153386,0.0,0.0,0.762763,0.343687,-0.201652,0.0,0.0,0.79427,0.4141,-0.225844,0.0,0.0,0.813639,0.488422,-0.244459,0.0,0.0
video19.mp4,c394e6472a5abf1abdd0edf2321c8d36ce9a2504a1a01030d8158d99ceb47a94,640,480,12.11,109,9.0,60,5000,Left,0.975943,0.604775,0.081014,1e-06,0.0,0.0,0.504178,0.15611,-0.02839,0.0,0.0,0.418255,0.243673,-0.064936,0.0,0.0,0.346468,0.33255,-0.095821,0.0,0.0,0.289476,0.398617,-0.129447,0.0,0.0,0.493402,0.236173,-0.13573,0.0,0.0,0.449971,0.331625,-0.194701,0.0,0.0,0.41994,0.407375,-0.228139,0.0,0.0,0.386109,0.482352,-0.251164,0.0,0.0,0.575243,0.236868,-0.145521,0.0,0.0,0.570353,0.358888,-0.208555,0.0,0.0,0.554915,0.463548,-0.238034,0.0,0.0,0.534836,0.558473,-0.263517,0.0,0.0,0.64618,0.241297,-0.151739,0.0,0.0,0.674765,0.358394,-0.208943,0.0,0.0,0.668127,0.453786,-0.232182,0.0,0.0,0.653721,0.542804,-0.250234,0.0,0.0,0.702147,0.245402,-0.157484,0.0,0.0,0.760026,0.34454,-0.205832,0.0,0.0,0.793201,0.414025,-0.229453,0.0,0.0,0.814717,0.487388,-0.247917,0.0,0.0
video19.mp4,c394e6472a5abf1abdd0edf2321c8d36ce9a2504a1a01030d8158d99ceb47a94,640,480,12.11,109,9.0,61,5083,Left,0.983846,0.605631,0.064442,1e-06,0.0,0.0,0.503692,0.143422,-0.033417,0.0,0.0,0.416316,0.241037,-0.070486,0.0,0.0,0.347567,0.334314,-0.099922,0.0,0.0,0.290375,0.400545,-0.131567,0.0,0.0,0.48956,0.228344,-0.147604,0.0,0.0,0.44796,0.358272,-0.203538,0.0,0.0,0.426605,0.449731,-0.231744,0.0,0.0,0.400955,0.539305,-0.251431,0.0,0.0,0.573228,0.227226,-0.152278,0.0,0.0,0.568045,0.352502,-0.2142,0.0,0.0,0.560189,0.465336,-0.24042,0.0,0.0,0.54659,0.567437,-0.263393,0.0,0.0,0.644222,0.229771,-0.152554,0.0,0.0,0.668346,0.347473,-0.205147,0.0,0.0,0.663219,0.446329,-0.224864,0.0,0.0,0.650567,0.537594,-0.241019,0.0,0.0,0.699469,0.232449,-0.153002,0.0,0.0,0.755158,0.336013,-0.199124,0.0,0.0,0.788513,0.409792,-0.222208,0.0,0.0,0.811769,0.4855,-0.239721,0.0,0.0
video19.mp4,c394e6472a5abf1abdd0edf2321c8d36ce9a2504a1a01030d8158d99ceb47a94,640,480,12.11,109,9.0,62,5166,Left,0.976235,0.602125,0.070228,1e-06,0.0,0.0,0.499771,0.155698,-0.035486,0.0,0.0,0.418423,0.250807,-0.077493,0.0,0.0,0.34691,0.334627,-0.110781,0.0,0.0,0.284385,0.391062,-0.146582,0.0,0.0,0.489591,0.231073,-0.164257,0.0,0.0,0.444418,0.333297,-0.230524,0.0,0.0,0.412573,0.412021,-0.264112,0.0,0.0,0.375729,0.489573,-0.286821,0.0,0.0,0.573504,0.228231,-0.170243,0.0,0.0,0.571391,0.34057,-0.243506,0.0,0.0,0.560978,0.444926,-0.273312,0.0,0.0,0.543959,0.536683,-0.298273,0.0,0.0,0.645778,0.232155,-0.171841,0.0,0.0,0.674976,0.344224,-0.23716,0.0,0.0,0.673846,0.445632,-0.261331,0.0,0.0,0.662033,0.538443,-0.279507,0.0,0.0,0.704413,0.237833,-0.172863,0.0,0.0,0.760865,0.341946,-0.228434,0.0,0.0,0.793515,0.412949,-0.25615,0.0,0.0,0.812278,0.485418,-0.277118,0.0,0.0
video19.mp4,c394e6472a5abf1abdd0edf2321c8d36ce9a2504a1a01030d8158d99ceb47a94,640,480,12.11,109,9.0,63,5250,Left,0.983013,0.602114,0.054651,1e-06,0.0,0.0,0.504936,0.144937,-0.031522,0.0,0.0,0.420794,0.251722,-0.068629,0.0,0.0,0.347699,0.335321,-0.098046,0.0,0.0,0.281668,0.393806,-0.130399,0.0,0.0,0.493951,0.211448,-0.152991,0.0,0.0,0.430502,0.290403,-0.215543,0.0,0.0,0.384808,0.358315,-0.249405,0.0,0.0,0.335485,0.429253,-0.272674,0.0,0.0,0.571585,0.204703,-0.157463,0.0,0.0,0.565167,0.313312,-0.221795,0.0,0.0,0.550488,0.41885,-0.249818,0.0,0.0,0.533501,0.51338,-0.275682,0.0,0.0,0.640289,0.209765,-0.157592,0.0,0.0,0.669865,0.334456,-0.215418,0.0,0.0,0.668488,0.446122,-0.238792,0.0,0.0,0.658635,0.548116,-0.257738,0.0,0.0,0.696504,0.220205,-0.156847,0.0,0.0,0.756131,0.331415,-0.206192,0.0,0.0,0.78853,0.41042,-0.232101,0.0,0.0,0.809966,0.488811,-0.25303,0.0,0.0
video19.mp4,c394e6472a5abf1abdd0edf2321c8d36ce9a2504a1a01030d8158d99ceb47a94,640,480,12.11,109,9.0,64,5333,Left,0.928837,0.598026,0.057695,1e-06,0.0,0.0,0.496546,0.17153,-0.063224,0.0,0.0,0.423661,0.282143,-0.125768,0.0,0.0,0.356815,0.36257,-0.172334,0.0,0.0,0.291637,0.410585,-0.219961,0.0,0.0,0.492932,0.243379,-0.237929,0.0,0.0,0.419891,0.31047,-0.342381,0.0,0.0,0.36429,0.364557,-0.401675,0.0,0.0,0.301526,0.412944,-0.440319,0.0,0.0,0.568084,0.224239,-0.237472,0.0,0.0,0.556296,0.308416,-0.350977,0.0,0.0,0.53192,0.40067,-0.403535,0.0,0.0,0.504255,0.471439,-0.443643,0.0,0.0,0.635678,0.22305,-0.233012,0.0,0.0,0.673643,0.33502,-0.334857,0.0,0.0,0.67428,0.455499,-0.382401,0.0,0.0,0.663354,0.555445,-0.41349,0.0,0.0,0.691137,0.231286,-0.227571,0.0,0.0,0.750769,0.341294,-0.306537,0.0,0.0,0.78457,0.423865,-0.349805,0.0,0.0,0.806989,0.498739,-0.382628,0.0,0.0
video19.mp4,c394e6472a5abf1abdd0edf2321c8d36ce9a2504a1a01030d8158d99ceb47a94,640,480,12.11,109,9.0,65,5416,Left,0.972847,0.599087,0.058019,1e-06,0.0,0.0,0.499649,0.160389,-0.051099,0.0,0.0,0.426009,0.270273,-0.102593,0.0,0.0,0.359187,0.353013,-0.140503,0.0,0.0,0.290576,0.40796,-0.17907,0.0,0.0,0.493011,0.22302,-0.205639,0.0,0.0,0.422143,0.30566,-0.290988,0.0,0.0,0.369327,0.368792,-0.333805,0.0,0.0,0.312365,0.430824,-0.36125,0.0,0.0,0.566748,0.208247,-0.206521,0.0,0.0,0.531328,0.302812,-0.301684,0.0,0.0,0.48845,0.404154,-0.340734,0.0,0.0,0.446082,0.486728,-0.370837,0.0,0.0,0.635942,0.211723,-0.203568,0.0,0.0,0.66965,0.327792,-0.289703,0.0,0.0,0.670942,0.445219,-0.326742,0.0,0.0,0.662838,0.543185,-0.35047,0.0,0.0,0.695916,0.224575,-0.199619,0.0,0.0,0.752016,0.342368,-0.269119,0.0,0.0,0.784569,0.424857,-0.307182,0.0,0.0,0.806671,0.503983,-0.335494,0.0,0.0
video19.mp4,c394e6472a5abf1abdd0edf2321c8d36ce9a2504a1a01030d8158d99ceb47a94,640,480,12.11,109,9.0,66,5500,Left,0.976154,0.593581,0.06615,1e-06,0.0,0.0,0.488579,0.161301,-0.035544,0.0,0.0,0.412127,0.261442,-0.077962,0.0,0.0,0.34803,0.341848,-0.111002,0.0,0.0,0.287112,0.399999,-0.146782,0.0,0.0,0.47452,0.250779,-0.173507,0.0,0.0,0.429581,0.354694,-0.239148,0.0,0.0,0.403586,0.434223,-0.269863,0.0,0.0,0.377581,0.514096,-0.291261,0.0,0.0,0.558346,0.241282,-0.180209,0.0,0.0,0.551018,0.335953,-0.250623,0.0,0.0,0.540307,0.435018,-0.277905,0.0,0.0,0.529857,0.520078,-0.302189,0.0,0.0,0.634792,0.238239,-0.182571,0.0,0.0,0.664661,0.340319,-0.248477,0.0,0.0,0.663693,0.440879,-0.275387,0.0,0.0,0.658039,0.533854,-0.296107,0.0,0.0,0.699726,0.236468,-0.183702,0.0,0.0,0.754117,0.344451,-0.241663,0.0,0.0,0.787895,0.417151,-0.271782,0.0,0.0,0.809832,0.486984,-0.294713,0.0,0.0
video19.mp4,c394e6472a5abf1abdd0edf2321c8d36ce9a2504a1a01030d8158d99ceb47a94,640,480,12.11,109,9.0,67,5583,Left,0.977044,0.597613,0.065402,1e-06,0.0,0.0,0.495796,0.156268,-0.03518,0.0,0.0,0.413382,0.255831,-0.078778,0.0,0.0,0.344037,0.341614,-0.113035,0.0,0.0,0.278299,0.396933,-0.149472,0.0,0.0,0.482209,0.233654,-0.174585,0.0,0.0,0.433994,0.35115,-0.244025,0.0,0.0,0.40318,0.438901,-0.279147,0.0,0.0,0.369978,0.526479,-0.303647,0.0,0.0,0.566055,0.226227,-0.180606,0.0,0.0,0.551564,0.325021,-0.256184,0.0,0.0,0.537108,0.4189,-0.286897,0.0,0.0,0.521835,0.500751,-0.313306,0.0,0.0,0.639428,0.229682,-0.181669,0.0,0.0,0.667745,0.339336,-0.248871,0.0,0.0,0.669227,0.445331,-0.275195,0.0,0.0,0.662444,0.542636,-0.295951,0.0,0.0,0.699984,0.236916,-0.181731,0.0,0.0,0.753246,0.345842,-0.23803,0.0,0.0,0.787544,0.416239,-0.266363,0.0,0.0,0.809122,0.487457,-0.288629,0.0,0.0
video19.mp4,c394e6472a5abf1abdd0edf2321c8d36ce9a2504a1a01030d8158d99ceb47a94,640,480,12.11,109,9.0,68,5666,Left,0.97467,0.597335,0.066669,1e-06,0.0,0.0,0.495656,0.167919,-0.033865,0.0,0.0,0.415216,0.267711,-0.073867,0.0,0.0,0.347246,0.339728,-0.10368,0.0,0.0,0.290434,0.393253,-0.13635,0.0,0.0,0.490666,0.23439,-0.177019,0.0,0.0,0.414732,0.303746,-0.252808,0.0,0.0,0.363064,0.369232,-0.293243,0.0,0.0,0.307521,0.43066,-0.318408,0.0,0.0,0.569657,0.223964,-0.180821,0.0,0.0,0.538368,0.331393,-0.257597,0.0,0.0,0.504662,0.442811,-0.290116,0.0,0.0,0.47261,0.529548,-0.317983,0.0,0.0,0.641799,0.224682,-0.179531,0.0,0.0,0.667272,0.348847,-0.250197,0.0,0.0,0.665486,0.459429,-0.279502,0.0,0.0,0.652977,0.55169,-0.300701,0.0,0.0,0.701882,0.232454,-0.176235,0.0,0.0,0.756873,0.344315,-0.236764,0.0,0.0,0.789687,0.421549,-0.268148,0.0,0.0,0.810489,0.494847,-0.292076,0.0,0.0
video19.mp4,c394e6472a5abf1abdd0edf2321c8d36ce9a2504a1a01030d8158d99ceb47a94,640,480,12.11,109,9.0,69,5750,Left,0.971625,0.598192,0.046821,1e-06,0.0,0.0,0.499493,0.161393,-0.033916,0.0,0.0,0.420798,0.282296,-0.067674,0.0,0.0,0.355097,0.373263,-0.091941,0.0,0.0,0.29554,0.429152,-0.117895,0.0,0.0,0.493595,0.214778,-0.157947,0.0,0.0,0.418486,0.286044,-0.221898,0.0,0.0,0.367249,0.345847,-0.255863,0.0,0.0,0.313066,0.410277,-0.278402,0.0,0.0,0.567429,0.201393,-0.159321,0.0,0.0,0.554799,0.320981,-0.229682,0.0,0.0,0.53064,0.436014,-0.262026,0.0,0.0,0.5079,0.536883,-0.289714,0.0,0.0,0.634395,0.202368,-0.155736,0.0,0.0,0.6709,0.332692,-0.220269,0.0,0.0,0.666591,0.444635,-0.248153,0.0,0.0,0.655368,0.544042,-0.267177,0.0,0.0,0.690568,0.212579,-0.150649,0.0,0.0,0.750275,0.332483,-0.203457,0.0,0.0,0.781502,0.411109,-0.23163,0.0,0.0,0.803945,0.488403,-0.253066,0.0,0.0
video19.mp4,c394e6472a5abf1abdd0edf2321c8d36ce9a2504a1a01030d8158d99ceb47a94,640,480,12.11,109,9.0,70,5833,Left,0.987015,0.593709,0.063514,1e-06,0.0,0.0,0.497811,0.155137,-0.030172,0.0,0.0,0.420304,0.25602,-0.069089,0.0,0.0,0.351775,0.348288,-0.100742,0.0,0.0,0.286628,0.405877,-0.134874,0.0,0.0,0.482796,0.230837,-0.154967,0.0,0.0,0.433221,0.341722,-0.217904,0.0,0.0,0.402244,0.418349,-0.248989,0.0,0.0,0.367226,0.494085,-0.269551,0.0,0.0,0.562864,0.223767,-0.162365,0.0,0.0,0.556325,0.345009,-0.236505,0.0,0.0,0.538437,0.451278,-0.270247,0.0,0.0,0.519118,0.543417,-0.297286,0.0,0.0,0.632938,0.22359,-0.164633,0.0,0.0,0.668713,0.339944,-0.230606,0.0,0.0,0.667709,0.442762,-0.259489,0.0,0.0,0.659956,0.53379,-0.279639,0.0,0.0,0.691732,0.228818,-0.165397,0.0,0.0,0.747982,0.341934,-0.219515,0.0,0.0,0.783752,0.414922,-0.248435,0.0,0.0,0.810928,0.487747,-0.270159,0.0,0.0
video19.mp4,c394e6472a5abf1abdd0edf2321c8d36ce9a2504a1a01030d8158d99ceb47a94,640,480,12.11,109,9.0,71,5916,Left,0.987713,0.594011,0.067869,1e-06,0.0,0.0,0.497195,0.147699,-0.0336,0.0,0.0,0.415173,0.251839,-0.069982,0.0,0.0,0.347912,0.347081,-0.098852,0.0,0.0,0.285676,0.406877,-0.130393,0.0,0.0,0.478358,0.227656,-0.14725,0.0,0.0,0.433626,0.35287,-0.202726,0.0,0.0,0.411825,0.443485,-0.229762,0.0,0.0,0.388367,0.533554,-0.248831,0.0,0.0,0.560328,0.223011,-0.151922,0.0,0.0,0.551337,0.336161,-0.212359,0.0,0.0,0.542932,0.443471,-0.237784,0.0,0.0,0.533562,0.543839,-0.260809,0.0,0.0,0.632418,0.223242,-0.152594,0.0,0.0,0.6609,0.335408,-0.20549,0.0,0.0,0.662535,0.437088,-0.226555,0.0,0.0,0.659098,0.533253,-0.243827,0.0,0.0,0.692545,0.22471,-0.153306,0.0,0.0,0.746118,0.336661,-0.199068,0.0,0.0,0.781665,0.411824,-0.222419,0.0,0.0,0.808972,0.485827,-0.240904,0.0,0.0
video19.mp4,c394e6472a5abf1abdd0edf2321c8d36ce9a2504a1a01030d8158d99ceb47a94,640,480,12.11,109,9.0,72,6000,Left,0.988409,0.594701,0.074827,1e-06,0.0,0.0,0.498597,0.153853,-0.035126,0.0,0.0,0.421465,0.253045,-0.075812,0.0,0.0,0.349554,0.343933,-0.107643,0.0,0.0,0.283216,0.404011,-0.142595,0.0,0.0,0.483575,0.226346,-0.162506,0.0,0.0,0.435764,0.346154,-0.222566,0.0,0.0,0.411751,0.435917,-0.251014,0.0,0.0,0.385572,0.525751,-0.271536,0.0,0.0,0.564945,0.223727,-0.16888,0.0,0.0,0.555317,0.345295,-0.234102,0.0,0.0,0.54814,0.45141,-0.259619,0.0,0.0,0.538206,0.546896,-0.28228,0.0,0.0,0.636846,0.225995,-0.170424,0.0,0.0,0.665931,0.347416,-0.228909,0.0,0.0,0.671462,0.455043,-0.252044,0.0,0.0,0.669884,0.55432,-0.270828,0.0,0.0,0.695093,0.228165,-0.171308,0.0,0.0,0.754295,0.334267,-0.222595,0.0,0.0,0.793986,0.404038,-0.247717,0.0,0.0,0.822814,0.473596,-0.267184,0.0,0.0
video19.mp4,c394e6472a5abf1abdd0edf2321c8d36ce9a2504a1a01030d8158d99ceb47a94,640,480,12.11,109,9.0,73,6083,Left,0.993967,0.591182,0.059384,1e-06,0.0,0.0,0.494077,0.161407,-0.024542,0.0,0.0,0.41496,0.263322,-0.06227,0.0,0.0,0.34263,0.343949,-0.092291,0.0,0.0,0.277697,0.399694,-0.127101,0.0,0.0,0.481034,0.242383,-0.160073,0.0,0.0,0.434842,0.368397,-0.218543,0.0,0.0,0.409397,0.457539,-0.24607,0.0,0.0,0.384784,0.538906,-0.265215,0.0,0.0,0.55865,0.23121,-0.171705,0.0,0.0,0.552088,0.36075,-0.232228,0.0,0.0,0.537465,0.469467,-0.260155,0.0,0.0,0.526273,0.553452,-0.285512,0.0,0.0,0.628355,0.218154,-0.176687,0.0,0.0,0.663703,0.335895,-0.235211,0.0,0.0,0.672239,0.443336,-0.270392,0.0,0.0,0.678201,0.535445,-0.299167,0.0,0.0,0.683647,0.202353,-0.178519,0.0,0.0,0.753263,0.274405,-0.23311,0.0,0.0,0.801961,0.306057,-0.26326,0.0,0.0,0.841127,0.336774,-0.286732,0.0,0.0
video19.mp4,c394e6472a5abf1abdd0edf2321c8d36ce9a2504a1a01030d8158d99ceb47a94,640,480,12.11,109,9.0,74,6166,Left,0.991199,0.586413,0.045018,1e-06,0.0,0.0,0.498239,0.148628,-0.023718,0.0,0.0,0.420216,0.260416,-0.060839,0.0,0.0,0.347591,0.344821,-0.092112,0.0,0.0,0.276195,0.392767,-0.128779,0.0,0.0,0.474222,0.229739,-0.146179,0.0,0.0,0.433733,0.364908,-0.200768,0.0,0.0,0.408921,0.452751,-0.22728,0.0,0.0,0.384258,0.538437,-0.246588,0.0,0.0,0.541843,0.21401,-0.158524,0.0,0.0,0.52626,0.332876,-0.212971,0.0,0.0,0.503286,0.418185,-0.23413,0.0,0.0,0.485787,0.489638,-0.254082,0.0,0.0,0.610201,0.199078,-0.165698,0.0,0.0,0.650722,0.32982,-0.2177,0.0,0.0,0.67369,0.442659,-0.243949,0.0,0.0,0.692327,0.541244,-0.266351,0.0,0.0,0.671115,0.180532,-0.170826,0.0,0.0,0.736784,0.270119,-0.216617,0.0,0.0,0.785456,0.318566,-0.239355,0.0,0.0,0.827237,0.366394,-0.258149,0.0,0.0
video19.mp4,c394e6472a5abf1abdd0edf2321c8d36ce9a2504a1a01030d8158d99ceb47a94,640,480,12.11,109,9.0,75,6250,Left,0.900384,0.583192,0.055734,1e-06,0.0,0.0,0.494643,0.167251,-0.05336,0.0,0.0,0.418751,0.281873,-0.10434,0.0,0.0,0.341548,0.360449,-0.141913,0.0,0.0,0.270078,0.409495,-0.183565,0.0,0.0,0.46343,0.220749,-0.204905,0.0,0.0,0.418956,0.30685,-0.281887,0.0,0.0,0.388473,0.373462,-0.324253,0.0,0.0,0.360732,0.446064,-0.356575,0.0,0.0,0.531205,0.208069,-0.210185,0.0,0.0,0.499382,0.2583,-0.300077,0.0,0.0,0.487678,0.313574,-0.345413,0.0,0.0,0.488608,0.360783,-0.384117,0.0,0.0,0.603582,0.199766,-0.210086,0.0,0.0,0.630693,0.277266,-0.292223,0.0,0.0,0.650875,0.369098,-0.332394,0.0,0.0,0.675752,0.446819,-0.363683,0.0,0.0,0.678721,0.188169,-0.208907,0.0,0.0,0.74091,0.27502,-0.275465,0.0,0.0,0.788426,0.335592,-0.311084,0.0,0.0,0.831599,0.392537,-0.341262,0.0,0.0
video19.mp4,c394e6472a5abf1abdd0edf2321c8d36ce9a2504a1a01030d8158d99ceb47a94,640,480,12.11,109,9.0,76,6333,Left,0.997339,0.594878,0.042975,0.0,0.0,0.0,0.505624,0.150191,-0.034144,0.0,0.0,0.419648,0.267564,-0.06888,0.0,0.0,0.342021,0.350949,-0.095569,0.0,0.0,0.273029,0.396653,-0.125656,0.0,0.0,0.464063,0.202106,-0.140936,0.0,0.0,0.429742,0.285672,-0.19237,0.0,0.0,0.416218,0.368341,-0.216489,0.0,0.0,0.406142,0.456429,-0.233728,0.0,0.0,0.537276,0.178379,-0.147321,0.0,0.0,0.543025,0.290737,-0.206837,0.0,0.0,0.549128,0.407114,-0.234947,0.0,0.0,0.56117,0.51838,-0.259052,0.0,0.0,0.60995,0.170932,-0.149343,0.0,0.0,0.658014,0.280635,-0.209258,0.0,0.0,0.68231,0.37981,-0.233153,0.0,0.0,0.709387,0.475963,-0.24767,0.0,0.0,0.677713,0.176207,-0.150196,0.0,0.0,0.727627,0.299045,-0.197145,0.0,0.0,0.758962,0.390108,-0.217332,0.0,0.0,0.78708,0.473209,-0.231589,0.0,0.0
video19.mp4,c394e6472a5abf1abdd0edf2321c8d36ce9a2504a1a01030d8158d99ceb47a94,640,480,12.11,109,9.0,77,6416,Left,0.99664,0.591806,0.059259,0.0,0.0,0.0,0.502179,0.160468,-0.024887,0.0,0.0,0.417927,0.269051,-0.053727,0.0,0.0,0.347396,0.35153,-0.077824,0.0,0.0,0.288164,0.399074,-0.105934,0.0,0.0,0.474327,0.198988,-0.115817,0.0,0.0,0.445608,0.254405,-0.164899,0.0,0.0,0.434254,0.309842,-0.193568,0.0,0.0,0.423718,0.371464,-0.214856,0.0,0.0,0.550764,0.182163,-0.126483,0.0,0.0,0.547133,0.263874,-0.181601,0.0,0.0,0.549743,0.332677,-0.210846,0.0,0.0,0.560404,0.401118,-0.236745,0.0,0.0,0.622925,0.180313,-0.132969,0.0,0.0,0.656499,0.299749,-0.189001,0.0,0.0,0.68058,0.39825,-0.209832,0.0,0.0,0.710284,0.4956,-0.224788,0.0,0.0,0.687856,0.189887,-0.137695,0.0,0.0,0.720684,0.311715,-0.184709,0.0,0.0,0.750532,0.398217,-0.200654,0.0,0.0,0.784228,0.480392,-0.211996,0.0,0.0
video19.mp4,c394e6472a5abf1abdd0edf2321c8d36ce9a2504a1a01030d8158d99ceb47a94,640,480,12.11,109,9.0,78,6500,Left,0.992603,0.590593,0.059553,0.0,0.0,0.0,0.499098,0.153276,-0.034042,0.0,0.0,0.416224,0.266708,-0.069286,0.0,0.0,0.344757,0.349803,-0.097848,0.0,0.0,0.282238,0.399559,-0.130344,0.0,0.0,0.479842,0.206322,-0.131237,0.0,0.0,0.455825,0.265328,-0.189061,0.0,0.0,0.439689,0.313019,-0.221409,0.0,0.0,0.41412,0.357395,-0.243158,0.0,0.0,0.554975,0.192362,-0.14038,0.0,0.0,0.572438,0.322516,-0.198782,0.0,0.0,0.582566,0.436596,-0.228749,0.0,0.0,0.58819,0.532589,-0.255499,0.0,0.0,0.624503,0.189035,-0.147101,0.0,0.0,0.666856,0.321829,-0.20413,0.0,0.0,0.684587,0.431688,-0.226882,0.0,0.0,0.697075,0.528453,-0.243565,0.0,0.0,0.686002,0.190755,-0.153282,0.0,0.0,0.731828,0.311187,-0.200899,0.0,0.0,0.761561,0.397181,-0.21948,0.0,0.0,0.785913,0.476995,-0.233674,0.0,0.0
video19.mp4,c394e6472a5abf1abdd0edf2321c8d36ce9a2504a1a01030d8158d99ceb47a94,640,480,12.11,109,9.0,79,6583,Left,0.996294,0.590985,0.0612,0.0,0.0,0.0,0.501566,0.155327,-0.021145,0.0,0.0,0.416454,0.264661,-0.052129,0.0,0.0,0.343763,0.349969,-0.080153,0.0,0.0,0.281852,0.402943,-0.112825,0.0,0.0,0.483236,0.204838,-0.111186,0.0,0.0,0.461339,0.265174,-0.165227,0.0,0.0,0.44206,0.305093,-0.195673,0.0,0.0,0.413157,0.340061,-0.215356,0.0,0.0,0.555584,0.1896,-0.124705,0.0,0.0,0.575377,0.327741,-0.179265,0.0,0.0,0.577564,0.435841,-0.208019,0.0,0.0,0.575483,0.525481,-0.233312,0.0,0.0,0.625402,0.187986,-0.135159,0.0,0.0,0.668515,0.338516,-0.190482,0.0,0.0,0.684999,0.444696,-0.213042,0.0,0.0,0.695155,0.534246,-0.228225,0.0,0.0,0.687876,0.193821,-0.143778,0.0,0.0,0.733505,0.321076,-0.189166,0.0,0.0,0.759033,0.398091,-0.206543,0.0,0.0,0.781107,0.469481,-0.219252,0.0,0.0
video19.mp4,c394e6472a5abf1abdd0edf2321c8d36ce9a2504a1a01030d8158d99ceb47a94,640,480,12.11,109,9.0,80,6666,Left,0.997133,0.59402,0.06198,0.0,0.0,0.0,0.503073,0.152389,-0.018824,0.0,0.0,0.418735,0.260633,-0.04796,0.0,0.0,0.353775,0.349565,-0.0735,0.0,0.0,0.296041,0.39735,-0.103832,0.0,0.0,0.483116,0.204041,-0.113659,0.0,0.0,0.4571,0.266409,-0.162397,0.0,0.0,0.435731,0.316817,-0.187462,0.0,0.0,0.407242,0.360755,-0.203565,0.0,0.0,0.556793,0.189423,-0.126654,0.0,0.0,0.57718,0.330278,-0.175365,0.0,0.0,0.579845,0.442109,-0.197969,0.0,0.0,0.578349,0.53176,-0.219002,0.0,0.0,0.628576,0.188427,-0.135946,0.0,0.0,0.673165,0.337553,-0.1868,0.0,0.0,0.68556,0.44323,-0.207811,0.0,0.0,0.692356,0.528601,-0.222369,0.0,0.0,0.693102,0.194425,-0.142885,0.0,0.0,0.742351,0.322107,-0.186286,0.0,0.0,0.768134,0.399516,-0.203444,0.0,0.0,0.788814,0.469974,-0.215971,0.0,0.0
video19.mp4,c394e6472a5abf1abdd0edf2321c8d36ce9a2504a1a01030d8158d99ceb47a94,640,480,12.11,109,9.0,81,6750,Left,0.992738,0.591183,0.061005,1e-06,0.0,0.0,0.498127,0.151599,-0.024868,0.0,0.0,0.41876,0.262155,-0.056518,0.0,0.0,0.351176,0.350262,-0.083998,0.0,0.0,0.286202,0.390417,-0.115922,0.0,0.0,0.488943,0.20972,-0.121689,0.0,0.0,0.456408,0.285111,-0.175491,0.0,0.0,0.42902,0.339441,-0.204512,0.0,0.0,0.393018,0.388098,-0.223841,0.0,0.0,0.565277,0.202452,-0.133223,0.0,0.0,0.575743,0.34162,-0.189775,0.0,0.0,0.570351,0.448626,-0.217963,0.0,0.0,0.560703,0.536386,-0.242574,0.0,0.0,0.636404,0.204257,-0.141336,0.0,0.0,0.675072,0.347233,-0.197617,0.0,0.0,0.68304,0.447093,-0.222395,0.0,0.0,0.685646,0.52793,-0.239545,0.0,0.0,0.698662,0.208733,-0.147833,0.0,0.0,0.742842,0.329898,-0.193971,0.0,0.0,0.768218,0.401272,-0.214409,0.0,0.0,0.789851,0.467308,-0.229976,0.0,0.0
video19.mp4,c394e6472a5abf1abdd0edf2321c8d36ce9a2504a1a01030d8158d99ceb47a94,640,480,12.11,109,9.0,82,6833,Left,0.983485,0.584772,0.063938,1e-06,0.0,0.0,0.492954,0.16596,-0.02309,0.0,0.0,0.416559,0.274458,-0.05565,0.0,0.0,0.34568,0.353898,-0.084626,0.0,0.0,0.279128,0.393598,-0.117794,0.0,0.0,0.490723,0.23028,-0.120249,0.0,0.0,0.444336,0.298397,-0.177516,0.0,0.0,0.402456,0.353741,-0.210393,0.0,0.0,0.352967,0.404821,-0.231577,0.0,0.0,0.565107,0.222784,-0.130997,0.0,0.0,0.570841,0.349656,-0.188562,0.0,0.0,0.564119,0.451879,-0.21507,0.0,0.0,0.553842,0.53108,-0.238128,0.0,0.0,0.634592,0.220965,-0.138596,0.0,0.0,0.674525,0.347745,-0.192389,0.0,0.0,0.686857,0.449953,-0.213259,0.0,0.0,0.692393,0.532263,-0.227724,0.0,0.0,0.694645,0.2186,-0.145172,0.0,0.0,0.743474,0.330981,-0.18826,0.0,0.0,0.770831,0.406554,-0.206829,0.0,0.0,0.792771,0.475831,-0.221195,0.0,0.0
video19.mp4,c394e6472a5abf1abdd0edf2321c8d36ce9a2504a1a01030d8158d99ceb47a94,640,480,12.11,109,9.0,83,6916,Left,0.988441,0.589766,0.039636,0.0,0.0,0.0,0.502066,0.131966,-0.036706,0.0,0.0,0.424319,0.247017,-0.075999,0.0,0.0,0.352682,0.335942,-0.107587,0.0,0.0,0.279887,0.370411,-0.142819,0.0,0.0,0.471478,0.206393,-0.152096,0.0,0.0,0.436986,0.333919,-0.209938,0.0,0.0,0.426506,0.433092,-0.238538,0.0,0.0,0.415669,0.525231,-0.258474,0.0,0.0,0.551848,0.197156,-0.156324,0.0,0.0,0.565729,0.329658,-0.216292,0.0,0.0,0.572428,0.446407,-0.238021,0.0,0.0,0.573154,0.546952,-0.257661,0.0,0.0,0.626536,0.191867,-0.156872,0.0,0.0,0.663796,0.32274,-0.209488,0.0,0.0,0.677614,0.435566,-0.228022,0.0,0.0,0.684149,0.532508,-0.242197,0.0,0.0,0.689104,0.187026,-0.157816,0.0,0.0,0.738303,0.306845,-0.203376,0.0,0.0,0.767421,0.391435,-0.225065,0.0,0.0,0.788896,0.471093,-0.241421,0.0,0.0
video19.mp4,c394e6472a5abf1abdd0edf2321c8d36ce9a2504a1a01030d8158d99ceb47a94,640,480,12.11,109,9.0,84,7000,Left,0.995213,0.598905,0.039663,1e-06,0.0,0.0,0.505665,0.145979,-0.025606,0.0,0.0,0.427263,0.265681,-0.058741,0.0,0.0,0.354838,0.341093,-0.086099,0.0,0.0,0.282211,0.361261,-0.117172,0.0,0.0,0.464272,0.230379,-0.125202,0.0,0.0,0.430596,0.334615,-0.172619,0.0,0.0,0.41494,0.413126,-0.193421,0.0,0.0,0.397172,0.488019,-0.207869,0.0,0.0,0.537472,0.214349,-0.134735,0.0,0.0,0.553322,0.344111,-0.189654,0.0,0.0,0.559581,0.450438,-0.212746,0.0,0.0,0.560498,0.545544,-0.231274,0.0,0.0,0.613003,0.202597,-0.14,0.0,0.0,0.671198,0.326844,-0.192461,0.0,0.0,0.693894,0.429818,-0.212838,0.0,0.0,0.707945,0.521727,-0.225589,0.0,0.0,0.683255,0.195444,-0.14386,0.0,0.0,0.736244,0.319439,-0.183494,0.0,0.0,0.766096,0.397363,-0.199277,0.0,0.0,0.786762,0.473368,-0.210669,0.0,0.0
video19.mp4,c394e6472a5abf1abdd0edf2321c8d36ce9a2504a1a01030d8158d99ceb47a94,640,480,12.11,109,9.0,85,7083,Left,0.942772,0.596852,0.033545,1e-06,0.0,0.0,0.505077,0.1603,-0.025414,0.0,0.0,0.428596,0.277847,-0.055463,0.0,0.0,0.356234,0.346341,-0.083347,0.0,0.0,0.291438,0.375147,-0.113276,0.0,0.0,0.463989,0.247535,-0.105016,0.0,0.0,0.39148,0.313065,-0.160557,0.0,0.0,0.347064,0.345946,-0.189254,0.0,0.0,0.293002,0.372695,-0.208046,0.0,0.0,0.526293,0.240645,-0.119378,0.0,0.0,0.495862,0.345391,-0.183691,0.0,0.0,0.465733,0.438487,-0.216726,0.0,0.0,0.434053,0.514118,-0.241771,0.0,0.0,0.598741,0.224859,-0.131848,0.0,0.0,0.646146,0.353055,-0.196194,0.0,0.0,0.669795,0.450908,-0.219214,0.0,0.0,0.684305,0.53119,-0.231635,0.0,0.0,0.671126,0.202927,-0.143154,0.0,0.0,0.727651,0.326843,-0.193451,0.0,0.0,0.760977,0.402139,-0.210528,0.0,0.0,0.787969,0.478458,-0.221357,0.0,0.0
video19.mp4,c394e6472a5abf1abdd0edf2321c8d36ce9a2504a1a01030d8158d99ceb47a94,640,480,12.11,109,9.0,86,7166,Left,0.996645,0.578301,0.063866,1e-06,0.0,0.0,0.493137,0.169858,-0.024121,0.0,0.0,0.41821,0.27838,-0.05267,0.0,0.0,0.348146,0.342442,-0.074299,0.0,0.0,0.284191,0.363439,-0.100686,0.0,0.0,0.465959,0.238468,-0.123765,0.0,0.0,0.433666,0.330543,-0.165036,0.0,0.0,0.415975,0.387675,-0.182021,0.0,0.0,0.391647,0.444304,-0.19411,0.0,0.0,0.531466,0.212546,-0.131998,0.0,0.0,0.545564,0.351337,-0.17567,0.0,0.0,0.54009,0.447109,-0.195594,0.0,0.0,0.534041,0.529784,-0.214243,0.0,0.0,0.59807,0.186848,-0.134807,0.0,0.0,0.660509,0.304821,-0.176017,0.0,0.0,0.684439,0.411657,-0.198104,0.0,0.0,0.703471,0.504904,-0.216434,0.0,0.0,0.65887,0.15988,-0.135959,0.0,0.0,0.713149,0.228319,-0.166445,0.0,0.0,0.740368,0.269047,-0.178618,0.0,0.0,0.765726,0.311198,-0.190227,0.0,0.0
video19.mp4,c394e6472a5abf1abdd0edf2321c8d36ce9a2504a1a01030d8158d99ceb47a94,640,480,12.11,109,9.0,87,7250,Left,0.998438,0.58088,0.063953,1e-06,0.0,0.0,0.497423,0.153585,-0.026667,0.0,0.0,0.422242,0.260098,-0.055804,0.0,0.0,0.354116,0.33673,-0.077858,0.0,0.0,0.290242,0.369762,-0.105832,0.0,0.0,0.474519,0.220146,-0.12337,0.0,0.0,0.444905,0.321052,-0.169814,0.0,0.0,0.421476,0.390897,-0.194643,0.0,0.0,0.390009,0.45454,-0.21222,0.0,0.0,0.539033,0.204235,-0.132251,0.0,0.0,0.536729,0.357333,-0.173128,0.0,0.0,0.512833,0.459001,-0.195273,0.0,0.0,0.487515,0.546219,-0.21631,0.0,0.0,0.600215,0.186252,-0.136399,0.0,0.0,0.647255,0.31753,-0.175019,0.0,0.0,0.661598,0.419409,-0.196255,0.0,0.0,0.666973,0.510137,-0.215986,0.0,0.0,0.656914,0.164653,-0.139672,0.0,0.0,0.704033,0.214637,-0.170768,0.0,0.0,0.723689,0.233571,-0.180983,0.0,0.0,0.736962,0.255172,-0.192061,0.0,0.0
video19.mp4,c394e6472a5abf1abdd0edf2321c8d36ce9a2504a1a01030d8158d99ceb47a94,640,480,12.11,109,9.0,88,7333,Left,0.997763,0.577738,0.046635,1e-06,0.0,0.0,0.504206,0.141154,-0.020917,0.0,0.0,0.428121,0.250553,-0.049365,0.0,0.0,0.358203,0.329928,-0.072384,0.0,0.0,0.294929,0.368454,-0.102823,0.0,0.0,0.474272,0.216058,-0.113147,0.0,0.0,0.446436,0.322239,-0.151753,0.0,0.0,0.428808,0.399358,-0.171236,0.0,0.0,0.405884,0.465558,-0.186377,0.0,0.0,0.536247,0.191647,-0.124522,0.0,0.0,0.557161,0.340055,-0.158294,0.0,0.0,0.553976,0.44119,-0.177975,0.0,0.0,0.545154,0.52164,-0.198145,0.0,0.0,0.596542,0.167792,-0.131222,0.0,0.0,0.633274,0.312234,-0.16728,0.0,0.0,0.628013,0.420401,-0.193762,0.0,0.0,0.619795,0.511196,-0.218032,0.0,0.0,0.652151,0.140873,-0.135508,0.0,0.0,0.695775,0.206503,-0.172861,0.0,0.0,0.704383,0.232661,-0.191073,0.0,0.0,0.710052,0.2535,-0.20665,0.0,0.0
video19.mp4,c394e6472a5abf1abdd0edf2321c8d36ce9a2504a1a01030d8158d99ceb47a94,640,480,12.11,109,9.0,89,7416,Left,0.998299,0.583071,0.044067,1e-06,0.0,0.0,0.503921,0.14548,-0.017256,0.0,0.0,0.433064,0.258452,-0.045694,0.0,0.0,0.373202,0.345428,-0.069034,0.0,0.0,0.31093,0.390049,-0.096628,0.0,0.0,0.44172,0.204102,-0.108077,0.0,0.0,0.382411,0.297985,-0.154735,0.0,0.0,0.337624,0.353026,-0.179117,0.0,0.0,0.291867,0.396508,-0.194456,0.0,0.0,0.494863,0.190556,-0.12056,0.0,0.0,0.477415,0.337936,-0.163274,0.0,0.0,0.45095,0.439017,-0.184473,0.0,0.0,0.428309,0.510129,-0.204,0.0,0.0,0.563153,0.187167,-0.129818,0.0,0.0,0.568775,0.345421,-0.173198,0.0,0.0,0.55181,0.455108,-0.198008,0.0,0.0,0.536137,0.533456,-0.216564,0.0,0.0,0.639231,0.19298,-0.135854,0.0,0.0,0.655703,0.310737,-0.171209,0.0,0.0,0.649061,0.379135,-0.188498,0.0,0.0,0.63938,0.433438,-0.202693,0.0,0.0
video19.mp4,c394e6472a5abf1abdd0edf2321c8d36ce9a2504a1a01030d8158d99ceb47a94,640,480,12.11,109,9.0,90,7500,Right,0.825089,0.578168,0.085454,0.0,0.0,0.0,0.61393,0.196767,-0.021427,0.0,0.0,0.635907,0.291035,-0.050206,0.0,0.0,0.648945,0.358687,-0.077264,0.0,0.0,0.660155,0.392145,-0.107912,0.0,0.0,0.593298,0.247224,-0.085986,0.0,0.0,0.590873,0.364209,-0.122972,0.0,0.0,0.594056,0.455183,-0.140867,0.0,0.0,0.584644,0.534326,-0.152581,0.0,0.0,0.528652,0.220191,-0.095591,0.0,0.0,0.511118,0.359367,-0.140716,0.0,0.0,0.494459,0.454288,-0.16458,0.0,0.0,0.470912,0.532699,-0.181003,0.0,0.0,0.474064,0.214373,-0.103057,0.0,0.0,0.444963,0.347444,-0.160434,0.0,0.0,0.427802,0.426425,-0.193315,0.0,0.0,0.415186,0.489804,-0.20873,0.0,0.0,0.430124,0.225132,-0.107249,0.0,0.0,0.369474,0.312841,-0.149952,0.0,0.0,0.326725,0.351217,-0.169236,0.0,0.0,0.289061,0.383341,-0.180945,0.0,0.0
video19.mp4,c394e6472a5abf1abdd0edf2321c8d36ce9a2504a1a01030d8158d99ceb47a94,640,480,12.11,109,9.0,91,7583,Right,0.618832,0.571324,0.073248,1e-06,0.0,0.0,0.616358,0.12387,-0.07454,0.0,0.0,0.650245,0.175778,-0.135804,0.0,0.0,0.675049,0.218932,-0.183879,0.0,0.0,0.705532,0.238053,-0.234048,0.0,0.0,0.567989,0.247295,-0.151858,0.0,0.0,0.56312,0.375567,-0.20225,0.0,0.0,0.572716,0.4513,-0.231684,0.0,0.0,0.572526,0.519627,-0.251255,0.0,0.0,0.501376,0.240594,-0.137628,0.0,0.0,0.478931,0.37281,-0.195968,0.0,0.0,0.461028,0.465331,-0.227956,0.0,0.0,0.440783,0.53823,-0.249709,0.0,0.0,0.456609,0.23137,-0.123319,0.0,0.0,0.396648,0.337368,-0.179881,0.0,0.0,0.348287,0.398059,-0.210383,0.0,0.0,0.306123,0.434794,-0.226839,0.0,0.0,0.432848,0.230081,-0.111086,0.0,0.0,0.370644,0.305787,-0.153185,0.0,0.0,0.325662,0.350488,-0.172203,0.0,0.0,0.282995,0.379694,-0.184319,0.0,0.0
video19.mp4,c394e6472a5abf1abdd0edf2321c8d36ce9a2504a1a01030d8158d99ceb47a94,640,480,12.11,109,9.0,92,7666,Right,0.855332,0.561573,0.07221,1e-06,0.0,0.0,0.614832,0.102702,-0.084775,0.0,0.0,0.649521,0.156748,-0.14724,0.0,0.0,0.666298,0.213388,-0.194696,0.0,0.0,0.687798,0.25745,-0.2416,0.0,0.0,0.551052,0.234051,-0.151921,0.0,0.0,0.511677,0.354413,-0.202755,0.0,0.0,0.492556,0.438205,-0.233038,0.0,0.0,0.476086,0.509018,-0.253666,0.0,0.0,0.49089,0.23729,-0.131257,0.0,0.0,0.449681,0.345416,-0.183777,0.0,0.0,0.433142,0.434765,-0.210609,0.0,0.0,0.418726,0.512628,-0.229392,0.0,0.0,0.450626,0.235228,-0.112488,0.0,0.0,0.387803,0.32977,-0.157924,0.0,0.0,0.34803,0.399444,-0.178949,0.0,0.0,0.312541,0.455695,-0.191621,0.0,0.0,0.42998,0.237498,-0.09827,0.0,0.0,0.367671,0.305556,-0.132983,0.0,0.0,0.327408,0.350553,-0.148471,0.0,0.0,0.289104,0.384317,-0.158612,0.0,0.0
video19.mp4,c394e6472a5abf1abdd0edf2321c8d36ce9a2504a1a01030d8158d99ceb47a94,640,480,12.11,109,9.0,93,7750,Right,0.542496,0.589268,0.145424,0.0,0.0,0.0,0.48738,0.18179,-0.053437,0.0,0.0,0.395002,0.271521,-0.082379,0.0,0.0,0.330715,0.353665,-0.103094,0.0,0.0,0.270871,0.393776,-0.12863,0.0,0.0,0.466902,0.294278,-0.109195,0.0,0.0,0.42713,0.351105,-0.150652,0.0,0.0,0.412858,0.388371,-0.174975,0.0,0.0,0.394063,0.434151,-0.194956,0.0,0.0,0.545612,0.315269,-0.110031,0.0,0.0,0.515471,0.40111,-0.155629,0.0,0.0,0.496661,0.460561,-0.188714,0.0,0.0,0.477976,0.521444,-0.218846,0.0,0.0,0.619639,0.320528,-0.111775,0.0,0.0,0.653189,0.40877,-0.172216,0.0,0.0,0.684534,0.467322,-0.203401,0.0,0.0,0.704093,0.522114,-0.224157,0.0,0.0,0.688379,0.312675,-0.113948,0.0,0.0,0.728403,0.401064,-0.163681,0.0,0.0,0.761461,0.452345,-0.182386,0.0,0.0,0.780326,0.503616,-0.197601,0.0,0.0
video19.mp4,c394e6472a5abf1abdd0edf2321c8d36ce9a2504a1a01030d8158d99ceb47a94,640,480,12.11,109,9.0,94,7833,Left,0.996143,0.582948,0.061029,0.0,0.0,0.0,0.50609,0.149483,-0.033229,0.0,0.0,0.43027,0.264571,-0.066348,0.0,0.0,0.360144,0.352229,-0.091885,0.0,0.0,0.295651,0.388572,-0.121798,0.0,0.0,0.470889,0.20372,-0.135296,0.0,0.0,0.44503,0.257566,-0.19183,0.0,0.0,0.429996,0.310524,-0.222831,0.0,0.0,0.41066,0.365983,-0.244171,0.0,0.0,0.540489,0.197205,-0.143951,0.0,0.0,0.539543,0.324815,-0.196229,0.0,0.0,0.536153,0.425052,-0.220183,0.0,0.0,0.535956,0.51323,-0.243705,0.0,0.0,0.610558,0.193511,-0.14957,0.0,0.0,0.648381,0.322518,-0.203602,0.0,0.0,0.667621,0.426432,-0.223948,0.0,0.0,0.687127,0.520481,-0.23932,0.0,0.0,0.676294,0.189871,-0.154276,0.0,0.0,0.719374,0.309845,-0.200377,0.0,0.0,0.749562,0.398126,-0.218885,0.0,0.0,0.778515,0.480718,-0.233329,0.0,0.0
video19.mp4,c394e6472a5abf1abdd0edf2321c8d36ce9a2504a1a01030d8158d99ceb47a94,640,480,12.11,109,9.0,95,7916,Left,0.997353,0.588423,0.043208,1e-06,0.0,0.0,0.503634,0.147496,-0.018881,0.0,0.0,0.428419,0.260586,-0.052279,0.0,0.0,0.358067,0.342743,-0.080638,0.0,0.0,0.290936,0.38138,-0.113143,0.0,0.0,0.478429,0.19887,-0.124917,0.0,0.0,0.448726,0.258093,-0.179784,0.0,0.0,0.422986,0.294487,-0.209006,0.0,0.0,0.388658,0.329799,-0.228087,0.0,0.0,0.547865,0.185329,-0.139823,0.0,0.0,0.555029,0.34611,-0.193875,0.0,0.0,0.542786,0.451842,-0.220045,0.0,0.0,0.528753,0.541439,-0.243687,0.0,0.0,0.618217,0.182002,-0.150207,0.0,0.0,0.66499,0.343588,-0.204357,0.0,0.0,0.674888,0.443809,-0.227804,0.0,0.0,0.679798,0.527471,-0.244014,0.0,0.0,0.680001,0.182378,-0.157772,0.0,0.0,0.731179,0.31846,-0.19927,0.0,0.0,0.760418,0.400701,-0.21596,0.0,0.0,0.7851,0.476779,-0.22954,0.0,0.0
video19.mp4,c394e6472a5abf1abdd0edf2321c8d36ce9a2504a1a01030d8158d99ceb47a94,640,480,12.11,109,9.0,96,8000,Left,0.99644,0.594295,0.035991,1e-06,0.0,0.0,0.501156,0.14772,-0.025181,0.0,0.0,0.422898,0.265655,-0.061769,0.0,0.0,0.34998,0.346829,-0.092109,0.0,0.0,0.277745,0.375851,-0.126526,0.0,0.0,0.479781,0.206791,-0.146716,0.0,0.0,0.427376,0.298031,-0.208615,0.0,0.0,0.381906,0.353113,-0.241144,0.0,0.0,0.330589,0.395594,-0.261664,0.0,0.0,0.553651,0.193105,-0.15673,0.0,0.0,0.559605,0.350829,-0.218615,0.0,0.0,0.546685,0.460886,-0.248247,0.0,0.0,0.531986,0.545614,-0.273765,0.0,0.0,0.625273,0.192409,-0.161354,0.0,0.0,0.670674,0.350222,-0.218262,0.0,0.0,0.678955,0.45781,-0.243885,0.0,0.0,0.683253,0.543847,-0.261876,0.0,0.0,0.690382,0.199851,-0.163667,0.0,0.0,0.737021,0.333129,-0.208883,0.0,0.0,0.764917,0.410702,-0.228893,0.0,0.0,0.788476,0.479684,-0.244031,0.0,0.0
video19.mp4,c394e6472a5abf1abdd0edf2321c8d36ce9a2504a1a01030d8158d99ceb47a94,640,480,12.11,109,9.0,97,8083,Left,0.996403,0.593042,0.038779,1e-06,0.0,0.0,0.502325,0.139574,-0.028151,0.0,0.0,0.423154,0.242762,-0.067316,0.0,0.0,0.349817,0.321782,-0.099184,0.0,0.0,0.281515,0.358168,-0.134965,0.0,0.0,0.460051,0.204687,-0.154701,0.0,0.0,0.431086,0.333676,-0.216423,0.0,0.0,0.420465,0.432004,-0.247187,0.0,0.0,0.408949,0.519358,-0.267315,0.0,0.0,0.537201,0.188404,-0.16394,0.0,0.0,0.551216,0.339276,-0.233143,0.0,0.0,0.549587,0.460444,-0.262535,0.0,0.0,0.546911,0.557408,-0.286199,0.0,0.0,0.61105,0.183653,-0.167895,0.0,0.0,0.655632,0.327762,-0.228121,0.0,0.0,0.666726,0.439195,-0.252281,0.0,0.0,0.673359,0.528777,-0.268604,0.0,0.0,0.676446,0.187168,-0.170323,0.0,0.0,0.725587,0.31621,-0.22044,0.0,0.0,0.755282,0.400237,-0.244287,0.0,0.0,0.779422,0.477551,-0.261191,0.0,0.0
video19.mp4,c394e6472a5abf1abdd0edf2321c8d36ce9a2504a1a01030d8158d99ceb47a94,640,480,12.11,109,9.0,98,8166,Left,0.997721,0.594314,0.05287,1e-06,0.0,0.0,0.50457,0.135195,-0.032747,0.0,0.0,0.415987,0.224206,-0.07632,0.0,0.0,0.327368,0.261623,-0.112525,0.0,0.0,0.247753,0.2536,-0.154281,0.0,0.0,0.463196,0.195115,-0.164307,0.0,0.0,0.426031,0.319226,-0.222475,0.0,0.0,0.414113,0.418861,-0.249964,0.0,0.0,0.40339,0.505688,-0.269067,0.0,0.0,0.541542,0.181377,-0.172766,0.0,0.0,0.545634,0.331178,-0.235359,0.0,0.0,0.544533,0.44956,-0.260107,0.0,0.0,0.543346,0.544289,-0.281716,0.0,0.0,0.615352,0.178836,-0.17589,0.0,0.0,0.653919,0.325875,-0.22999,0.0,0.0,0.662144,0.433175,-0.251863,0.0,0.0,0.667447,0.519202,-0.26813,0.0,0.0,0.679163,0.182482,-0.178109,0.0,0.0,0.726384,0.312844,-0.22322,0.0,0.0,0.7551,0.401076,-0.244726,0.0,0.0,0.776507,0.478285,-0.260971,0.0,0.0
video19.mp4,c394e6472a5abf1abdd0edf2321c8d36ce9a2504a1a01030d8158d99ceb47a94,640,480,12.11,109,9.0,99,8250,Left,0.994639,0.600839,0.04644,1e-06,0.0,0.0,0.507146,0.12185,-0.033472,0.0,0.0,0.418074,0.200205,-0.079188,0.0,0.0,0.333296,0.222879,-0.118862,0.0,0.0,0.257195,0.196671,-0.164608,0.0,0.0,0.47024,0.193058,-0.163203,0.0,0.0,0.431752,0.319913,-0.222655,0.0,0.0,0.419842,0.420375,-0.252078,0.0,0.0,0.409043,0.506702,-0.273552,0.0,0.0,0.552119,0.190428,-0.173244,0.0,0.0,0.554088,0.333753,-0.240686,0.0,0.0,0.550644,0.448258,-0.270196,0.0,0.0,0.546067,0.541841,-0.295346,0.0,0.0,0.627162,0.191327,-0.17768,0.0,0.0,0.65816,0.333917,-0.236635,0.0,0.0,0.666188,0.442187,-0.261219,0.0,0.0,0.669832,0.529659,-0.279108,0.0,0.0,0.690711,0.193089,-0.181316,0.0,0.0,0.731265,0.318557,-0.2303,0.0,0.0,0.757559,0.401971,-0.253812,0.0,0.0,0.77595,0.475827,-0.271253,0.0,0.0
video19.mp4,c394e6472a5abf1abdd0edf2321c8d36ce9a2504a1a01030d8158d99ceb47a94,640,480,12.11,109,9.0,100,8333,Left,0.966412,0.606197,0.033178,1e-06,0.0,0.0,0.51006,0.088717,-0.03713,0.0,0.0,0.420903,0.155675,-0.080856,0.0,0.0,0.340824,0.192859,-0.118733,0.0,0.0,0.269226,0.198127,-0.161458,0.0,0.0,0.480707,0.182986,-0.152819,0.0,0.0,0.444846,0.318453,-0.211663,0.0,0.0,0.430754,0.416718,-0.242522,0.0,0.0,0.414883,0.508541,-0.26557,0.0,0.0,0.561837,0.191478,-0.161702,0.0,0.0,0.558719,0.32595,-0.231243,0.0,0.0,0.554323,0.439768,-0.266164,0.0,0.0,0.547809,0.54607,-0.294739,0.0,0.0,0.632925,0.194473,-0.165723,0.0,0.0,0.662525,0.327257,-0.226448,0.0,0.0,0.675141,0.436016,-0.251758,0.0,0.0,0.68192,0.534498,-0.270015,0.0,0.0,0.691439,0.193326,-0.169857,0.0,0.0,0.733275,0.310568,-0.220885,0.0,0.0,0.760691,0.389193,-0.244502,0.0,0.0,0.78095,0.4678,-0.261662,0.0,0.0
video19.mp4,c394e6472a5abf1abdd0edf2321c8d36ce9a2504a1a01030d8158d99ceb47a94,640,480,12.11,109,9.0,101,8416,Left,0.928929,0.607469,0.0263,1e-06,0.0,0.0,0.509191,0.078887,-0.042513,0.0,0.0,0.414108,0.15494,-0.08281,0.0,0.0,0.332054,0.212319,-0.116254,0.0,0.0,0.267638,0.248237,-0.153335,0.0,0.0,0.487916,0.190748,-0.147558,0.0,0.0,0.448777,0.322358,-0.204173,0.0,0.0,0.434335,0.420342,-0.233394,0.0,0.0,0.417739,0.514002,-0.255133,0.0,0.0,0.569904,0.197209,-0.1524,0.0,0.0,0.564202,0.323226,-0.220085,0.0,0.0,0.558383,0.434309,-0.254228,0.0,0.0,0.548693,0.541826,-0.281964,0.0,0.0,0.639732,0.196084,-0.153559,0.0,0.0,0.666256,0.317704,-0.214153,0.0,0.0,0.676012,0.421054,-0.237844,0.0,0.0,0.677128,0.517691,-0.254299,0.0,0.0,0.695466,0.192367,-0.155577,0.0,0.0,0.736789,0.308211,-0.207959,0.0,0.0,0.764698,0.390665,-0.231609,0.0,0.0,0.784721,0.472326,-0.248107,0.0,0.0
video19.mp4,c394e6472a5abf1abdd0edf2321c8d36ce9a2504a1a01030d8158d99ceb47a94,640,480,12.11,109,9.0,102,8500,Left,0.906438,0.59751,0.038437,1e-06,0.0,0.0,0.494299,0.100835,-0.041985,0.0,0.0,0.400147,0.193057,-0.079395,0.0,0.0,0.328078,0.286235,-0.108852,0.0,0.0,0.282642,0.372505,-0.140481,0.0,0.0,0.481279,0.215465,-0.140694,0.0,0.0,0.445528,0.338538,-0.195492,0.0,0.0,0.432434,0.430422,-0.222907,0.0,0.0,0.413198,0.521355,-0.243378,0.0,0.0,0.564723,0.223123,-0.143565,0.0,0.0,0.558886,0.338251,-0.212646,0.0,0.0,0.555237,0.443226,-0.247134,0.0,0.0,0.545147,0.544917,-0.275425,0.0,0.0,0.636212,0.221647,-0.14274,0.0,0.0,0.664187,0.331988,-0.203115,0.0,0.0,0.675693,0.431664,-0.224318,0.0,0.0,0.675801,0.528069,-0.240119,0.0,0.0,0.693834,0.214565,-0.142769,0.0,0.0,0.736656,0.318477,-0.196186,0.0,0.0,0.76367,0.392289,-0.220507,0.0,0.0,0.784616,0.473003,-0.237694,0.0,0.0
video19.mp4,c394e6472a5abf1abdd0edf2321c8d36ce9a2504a1a01030d8158d99ceb47a94,640,480,12.11,109,9.0,103,8583,Left,0.908964,0.59883,0.044734,1e-06,0.0,0.0,0.493066,0.105692,-0.043548,0.0,0.0,0.400164,0.196306,-0.083163,0.0,0.0,0.326903,0.285528,-0.114224,0.0,0.0,0.280018,0.364838,-0.14765,0.0,0.0,0.482062,0.219096,-0.154053,0.0,0.0,0.445424,0.342308,-0.214331,0.0,0.0,0.429944,0.433495,-0.245174,0.0,0.0,0.409549,0.526772,-0.267666,0.0,0.0,0.567418,0.228151,-0.156155,0.0,0.0,0.563973,0.345513,-0.22929,0.0,0.0,0.557001,0.45215,-0.264131,0.0,0.0,0.545273,0.553689,-0.292468,0.0,0.0,0.639355,0.228948,-0.154392,0.0,0.0,0.668316,0.338515,-0.217368,0.0,0.0,0.675476,0.438156,-0.240644,0.0,0.0,0.672468,0.53211,-0.257667,0.0,0.0,0.695259,0.222715,-0.153415,0.0,0.0,0.738949,0.324941,-0.20822,0.0,0.0,0.764273,0.398569,-0.234676,0.0,0.0,0.782359,0.478548,-0.25362,0.0,0.0
video19.mp4,c394e6472a5abf1abdd0edf2321c8d36ce9a2504a1a01030d8158d99ceb47a94,640,480,12.11,109,9.0,104,8666,Left,0.91476,0.606044,0.052047,1e-06,0.0,0.0,0.50223,0.101179,-0.047241,0.0,0.0,0.411964,0.180033,-0.09239,0.0,0.0,0.33225,0.246889,-0.12861,0.0,0.0,0.267094,0.292533,-0.167342,0.0,0.0,0.486973,0.227025,-0.163778,0.0,0.0,0.448362,0.346752,-0.225494,0.0,0.0,0.432665,0.435962,-0.255908,0.0,0.0,0.412009,0.526555,-0.278288,0.0,0.0,0.570347,0.243486,-0.164585,0.0,0.0,0.566765,0.355055,-0.242153,0.0,0.0,0.559533,0.456814,-0.277645,0.0,0.0,0.548275,0.555402,-0.305251,0.0,0.0,0.640293,0.243694,-0.160612,0.0,0.0,0.667314,0.345402,-0.22556,0.0,0.0,0.675533,0.441725,-0.24743,0.0,0.0,0.675077,0.533696,-0.262544,0.0,0.0,0.693815,0.233129,-0.157737,0.0,0.0,0.738475,0.330749,-0.213265,0.0,0.0,0.764661,0.399959,-0.238203,0.0,0.0,0.784776,0.476744,-0.255142,0.0,0.0
video19.mp4,c394e6472a5abf1abdd0edf2321c8d36ce9a2504a1a01030d8158d99ceb47a94,640,480,12.11,109,9.0,105,8750,Left,0.902818,0.602649,0.063318,1e-06,0.0,0.0,0.493846,0.123316,-0.044365,0.0,0.0,0.398542,0.212756,-0.085114,0.0,0.0,0.324342,0.304154,-0.116788,0.0,0.0,0.273884,0.379185,-0.150871,0.0,0.0,0.482642,0.238583,-0.156947,0.0,0.0,0.446832,0.351243,-0.217256,0.0,0.0,0.431865,0.437449,-0.247999,0.0,0.0,0.411033,0.52569,-0.270681,0.0,0.0,0.569202,0.250869,-0.158275,0.0,0.0,0.565931,0.357376,-0.234385,0.0,0.0,0.559796,0.45718,-0.270644,0.0,0.0,0.549129,0.550505,-0.299676,0.0,0.0,0.641308,0.252135,-0.154816,0.0,0.0,0.667964,0.354665,-0.219465,0.0,0.0,0.67611,0.447662,-0.240992,0.0,0.0,0.675028,0.535642,-0.256876,0.0,0.0,0.696371,0.244497,-0.152167,0.0,0.0,0.740013,0.336925,-0.208525,0.0,0.0,0.766808,0.402477,-0.234162,0.0,0.0,0.787598,0.476699,-0.25211,0.0,0.0
video19.mp4,c394e6472a5abf1abdd0edf2321c8d36ce9a2504a1a01030d8158d99ceb47a94,640,480,12.11,109,9.0,106,8833,Left,0.903095,0.600538,0.063005,1e-06,0.0,0.0,0.493455,0.125125,-0.042659,0.0,0.0,0.399871,0.213437,-0.083685,0.0,0.0,0.325357,0.304276,-0.115665,0.0,0.0,0.275046,0.378936,-0.149903,0.0,0.0,0.482467,0.237288,-0.156577,0.0,0.0,0.447297,0.349403,-0.217059,0.0,0.0,0.430564,0.434598,-0.248018,0.0,0.0,0.408597,0.521167,-0.270434,0.0,0.0,0.568931,0.248536,-0.15865,0.0,0.0,0.565319,0.357229,-0.233297,0.0,0.0,0.557353,0.458429,-0.267648,0.0,0.0,0.544922,0.551943,-0.295178,0.0,0.0,0.641477,0.2499,-0.155981,0.0,0.0,0.668305,0.356156,-0.2194,0.0,0.0,0.675015,0.451727,-0.240167,0.0,0.0,0.672558,0.540225,-0.255452,0.0,0.0,0.696029,0.242121,-0.153966,0.0,0.0,0.741618,0.335567,-0.209052,0.0,0.0,0.768269,0.403266,-0.23377,0.0,0.0,0.788217,0.478632,-0.251048,0.0,0.0
video19.mp4,c394e6472a5abf1abdd0edf2321c8d36ce9a2504a1a01030d8158d99ceb47a94,640,480,12.11,109,9.0,107,8916,Left,0.913157,0.5978,0.067378,1e-06,0.0,0.0,0.491022,0.130055,-0.041829,0.0,0.0,0.400885,0.218249,-0.081995,0.0,0.0,0.326618,0.306019,-0.113899,0.0,0.0,0.274975,0.377363,-0.148063,0.0,0.0,0.482982,0.244544,-0.151207,0.0,0.0,0.449509,0.35579,-0.211637,0.0,0.0,0.43225,0.439815,-0.242859,0.0,0.0,0.4102,0.523797,-0.265086,0.0,0.0,0.569498,0.256704,-0.153325,0.0,0.0,0.565026,0.367589,-0.228238,0.0,0.0,0.556703,0.466006,-0.262848,0.0,0.0,0.544142,0.552907,-0.289988,0.0,0.0,0.642753,0.256629,-0.150959,0.0,0.0,0.666992,0.360208,-0.214163,0.0,0.0,0.674331,0.454229,-0.234748,0.0,0.0,0.672999,0.539266,-0.249347,0.0,0.0,0.698029,0.246433,-0.149368,0.0,0.0,0.738781,0.339506,-0.204172,0.0,0.0,0.76502,0.404551,-0.228709,0.0,0.0,0.78645,0.476103,-0.245411,0.0,0.0
video19.mp4,c394e6472a5abf1abdd0edf2321c8d36ce9a2504a1a01030d8158d99ceb47a94,640,480,12.11,109,9.0,108,9000,Left,0.916719,0.59627,0.063232,1e-06,0.0,0.0,0.492212,0.128455,-0.03998,0.0,0.0,0.402749,0.221427,-0.078772,0.0,0.0,0.328803,0.309041,-0.11005,0.0,0.0,0.274652,0.377274,-0.143658,0.0,0.0,0.481569,0.246793,-0.143646,0.0,0.0,0.449909,0.359914,-0.202452,0.0,0.0,0.433285,0.443035,-0.233057,0.0,0.0,0.412397,0.524915,-0.254567,0.0,0.0,0.565488,0.256127,-0.146368,0.0,0.0,0.562012,0.368802,-0.217579,0.0,0.0,0.555427,0.465962,-0.250724,0.0,0.0,0.545506,0.551898,-0.276925,0.0,0.0,0.637702,0.2524,-0.145079,0.0,0.0,0.663275,0.35841,-0.205633,0.0,0.0,0.673886,0.452421,-0.225892,0.0,0.0,0.676425,0.537737,-0.240119,0.0,0.0,0.693614,0.238908,-0.144499,0.0,0.0,0.732135,0.336605,-0.197029,0.0,0.0,0.758271,0.401689,-0.220148,0.0,0.0,0.781041,0.472345,-0.235724,0.0,0.0
