video_file,video_hash,video_width,video_height,video_fps,total_video_frames,video_duration_sec,frame_idx,timestamp_ms,hand,wrist_x,wrist_y,thumb_cmc_x,thumb_cmc_y,thumb_mcp_x,thumb_mcp_y,thumb_ip_x,thumb_ip_y,thumb_tip_x,thumb_tip_y,index_mcp_x,index_mcp_y,index_pip_x,index_pip_y,index_dip_x,index_dip_y,index_tip_x,index_tip_y,middle_mcp_x,middle_mcp_y,middle_pip_x,middle_pip_y,middle_dip_x,middle_dip_y,middle_tip_x,middle_tip_y,ring_mcp_x,ring_mcp_y,ring_pip_x,ring_pip_y,ring_dip_x,ring_dip_y,ring_tip_x,ring_tip_y,pinky_mcp_x,pinky_mcp_y,pinky_pip_x,pinky_pip_y,pinky_dip_x,pinky_dip_y,pinky_tip_x,pinky_tip_y
video9.mp4,693ffacf257fb25a2eab891d5e129f4b5ac26c778992445b49e2c233c16a70e7,1280,720,12.06,189,15.667,0,0,Right,0.465554,0.443922,0.522099,0.483622,0.565864,0.530274,0.59763,0.577357,0.632239,0.613563,0.499785,0.49922,0.503069,0.591665,0.502875,0.6579,0.500372,0.708973,0.447316,0.503829,0.438977,0.602051,0.429023,0.674828,0.422899,0.716432,0.404955,0.511593,0.387443,0.595156,0.377177,0.659264,0.374464,0.697446,0.373101,0.521355,0.338934,0.583078,0.320392,0.629737,0.311615,0.663306
video9.mp4,693ffacf257fb25a2eab891d5e129f4b5ac26c778992445b49e2c233c16a70e7,1280,720,12.06,189,15.667,1,83,Right,0.47243,0.431619,0.528398,0.472048,0.568353,0.519527,0.590493,0.566596,0.611404,0.614709,0.50692,0.519966,0.510417,0.612526,0.510064,0.677478,0.506702,0.731685,0.45482,0.518174,0.442292,0.603727,0.431909,0.671635,0.421396,0.729185,0.412986,0.516163,0.392858,0.587461,0.381014,0.649475,0.371432,0.706492,0.381926,0.513525,0.347875,0.562268,0.327698,0.608084,0.310791,0.657733
video9.mp4,693ffacf257fb25a2eab891d5e129f4b5ac26c778992445b49e2c233c16a70e7,1280,720,12.06,189,15.667,2,166,Left,0.473465,0.433819,0.526292,0.46506,0.566235,0.514233,0.587154,0.561332,0.607867,0.611239,0.508079,0.524201,0.509704,0.613836,0.510197,0.676508,0.509763,0.721164,0.457433,0.5224,0.443262,0.607724,0.432897,0.678633,0.424079,0.730623,0.417161,0.516688,0.39433,0.585238,0.380525,0.652107,0.370487,0.706542,0.387533,0.505285,0.349779,0.556401,0.328667,0.605711,0.312359,0.653065
video9.mp4,693ffacf257fb25a2eab891d5e129f4b5ac26c778992445b49e2c233c16a70e7,1280,720,12.06,189,15.667,3,250,Left,0.47108,0.433039,0.525043,0.463245,0.565821,0.514089,0.589348,0.560075,0.610738,0.613501,0.505835,0.517652,0.510988,0.61191,0.512195,0.67744,0.510528,0.7258,0.456796,0.516566,0.44473,0.60699,0.434266,0.678466,0.423687,0.734366,0.416856,0.514739,0.394333,0.585918,0.381183,0.654462,0.370878,0.709789,0.386456,0.506765,0.348566,0.558085,0.327192,0.607826,0.31026,0.654834
video9.mp4,693ffacf257fb25a2eab891d5e129f4b5ac26c778992445b49e2c233c16a70e7,1280,720,12.06,189,15.667,4,333,Left,0.4719,0.434284,0.523776,0.464576,0.562861,0.513963,0.587164,0.554989,0.608209,0.60772,0.504912,0.539069,0.509996,0.634184,0.512927,0.68742,0.51629,0.709313,0.456809,0.533352,0.445526,0.620634,0.434815,0.686487,0.426277,0.733545,0.416892,0.523934,0.395449,0.59327,0.381419,0.659022,0.371459,0.70933,0.386447,0.506483,0.349782,0.559995,0.328014,0.611162,0.311555,0.657522
video9.mp4,693ffacf257fb25a2eab891d5e129f4b5ac26c778992445b49e2c233c16a70e7,1280,720,12.06,189,15.667,5,416,Left,0.467334,0.432405,0.520654,0.457434,0.562231,0.515052,0.590629,0.571621,0.616153,0.638196,0.505807,0.516615,0.509751,0.556848,0.521307,0.59395,0.532947,0.629468,0.45739,0.521497,0.448501,0.603791,0.438144,0.667331,0.426455,0.720594,0.416253,0.522824,0.398564,0.589596,0.385115,0.646016,0.374929,0.696938,0.385276,0.514349,0.353787,0.564841,0.333271,0.606081,0.316535,0.650419
video9.mp4,693ffacf257fb25a2eab891d5e129f4b5ac26c778992445b49e2c233c16a70e7,1280,720,12.06,189,15.667,6,500,Left,0.470262,0.426197,0.518242,0.45345,0.558905,0.515665,0.591449,0.570101,0.626037,0.629726,0.504662,0.523902,0.508543,0.556215,0.523483,0.574532,0.542699,0.592911,0.456941,0.522389,0.444876,0.60275,0.437764,0.667745,0.430074,0.726119,0.415703,0.519327,0.394355,0.583859,0.384791,0.640671,0.377552,0.697462,0.384758,0.506112,0.352481,0.559626,0.332142,0.603318,0.315373,0.653112
video9.mp4,693ffacf257fb25a2eab891d5e129f4b5ac26c778992445b49e2c233c16a70e7,1280,720,12.06,189,15.667,7,583,Left,0.471115,0.42652,0.524096,0.452674,0.568532,0.499638,0.595644,0.539424,0.615514,0.587968,0.511841,0.527349,0.522664,0.604484,0.523062,0.668806,0.51988,0.717822,0.46027,0.531093,0.453159,0.614987,0.441668,0.680165,0.43041,0.733111,0.418432,0.52703,0.401776,0.593316,0.387433,0.657978,0.376583,0.709559,0.386164,0.513311,0.351161,0.56359,0.329985,0.609158,0.314462,0.652983
video9.mp4,693ffacf257fb25a2eab891d5e129f4b5ac26c778992445b49e2c233c16a70e7,1280,720,12.06,189,15.667,8,666,Right,0.469885,0.410606,0.520369,0.451743,0.565451,0.504877,0.594118,0.552251,0.618975,0.592985,0.507825,0.492719,0.518355,0.582883,0.523863,0.653028,0.525632,0.715047,0.455222,0.495459,0.442991,0.573209,0.440193,0.649522,0.436197,0.712059,0.414575,0.499795,0.390495,0.561409,0.382385,0.630897,0.376103,0.69275,0.386057,0.504056,0.353402,0.558425,0.33628,0.612934,0.319284,0.664593
video9.mp4,693ffacf257fb25a2eab891d5e129f4b5ac26c778992445b49e2c233c16a70e7,1280,720,12.06,189,15.667,9,750,Right,0.478792,0.462563,0.425936,0.484022,0.382728,0.520054,0.344817,0.550667,0.31381,0.580368,0.442378,0.486863,0.433149,0.503438,0.423195,0.527517,0.411961,0.567275,0.486403,0.486169,0.494475,0.526336,0.493801,0.569442,0.48875,0.618548,0.522047,0.499101,0.541889,0.556687,0.551791,0.62164,0.556396,0.689257,0.551151,0.508399,0.584634,0.532039,0.611521,0.555252,0.631823,0.590074
video9.mp4,693ffacf257fb25a2eab891d5e129f4b5ac26c778992445b49e2c233c16a70e7,1280,720,12.06,189,15.667,10,833,Right,0.491097,0.565673,0.529758,0.595438,0.560789,0.617698,0.572926,0.662014,0.577583,0.730272,0.51609,0.46705,0.5201,0.444839,0.527826,0.465282,0.537296,0.503485,0.462725,0.460747,0.435714,0.48861,0.426107,0.546869,0.422011,0.615951,0.422231,0.492213,0.386574,0.52974,0.376195,0.59456,0.37081,0.661631,0.393725,0.533731,0.355695,0.573861,0.342431,0.620967,0.333865,0.672902
video9.mp4,693ffacf257fb25a2eab891d5e129f4b5ac26c778992445b49e2c233c16a70e7,1280,720,12.06,189,15.667,11,916,Right,0.495596,0.447072,0.468559,0.468315,0.4396,0.526575,0.410038,0.599108,0.391061,0.648516,0.496969,0.489513,0.489315,0.537338,0.47724,0.569091,0.462354,0.610618,0.516591,0.52363,0.497746,0.617316,0.47012,0.67176,0.449605,0.713176,0.524853,0.551821,0.502457,0.625905,0.466659,0.657757,0.442882,0.688274,0.526503,0.575662,0.543486,0.58418,0.561649,0.586687,0.575268,0.59858
video9.mp4,693ffacf257fb25a2eab891d5e129f4b5ac26c778992445b49e2c233c16a70e7,1280,720,12.06,189,15.667,12,1000,Right,0.478548,0.448016,0.493539,0.529624,0.492684,0.615552,0.47865,0.669065,0.464086,0.691192,0.495595,0.465079,0.480871,0.490101,0.480453,0.52671,0.479149,0.583739,0.478747,0.435026,0.48392,0.461217,0.485141,0.524968,0.483906,0.590769,0.45928,0.436687,0.459401,0.47924,0.455077,0.553968,0.452829,0.623198,0.437877,0.459911,0.43209,0.500898,0.428388,0.543743,0.425079,0.591352
video9.mp4,693ffacf257fb25a2eab891d5e129f4b5ac26c778992445b49e2c233c16a70e7,1280,720,12.06,189,15.667,13,1083,Left,0.492582,0.515823,0.482541,0.544158,0.468469,0.586028,0.471433,0.631715,0.468214,0.617828,0.478142,0.477044,0.46774,0.490249,0.454972,0.536809,0.445452,0.58895,0.486017,0.464387,0.449591,0.472474,0.420956,0.536112,0.406013,0.589098,0.493619,0.474062,0.465899,0.482101,0.442166,0.528337,0.42878,0.575397,0.500458,0.502265,0.481477,0.536994,0.471433,0.578704,0.46466,0.609264
video9.mp4,693ffacf257fb25a2eab891d5e129f4b5ac26c778992445b49e2c233c16a70e7,1280,720,12.06,189,15.667,14,1166,Right,0.479038,0.400528,0.512781,0.434499,0.529609,0.472447,0.531819,0.515052,0.535432,0.564155,0.465646,0.459241,0.44964,0.520902,0.447922,0.578693,0.443092,0.636669,0.428728,0.466481,0.408767,0.530323,0.400599,0.598372,0.395286,0.661325,0.404339,0.481766,0.375644,0.538144,0.360556,0.60373,0.353443,0.665431,0.389346,0.505371,0.356066,0.548226,0.336062,0.590888,0.322732,0.635476
video9.mp4,693ffacf257fb25a2eab891d5e129f4b5ac26c778992445b49e2c233c16a70e7,1280,720,12.06,189,15.667,15,1250,Right,0.483704,0.393855,0.516467,0.431866,0.538652,0.473722,0.545244,0.510388,0.552155,0.54783,0.473927,0.460803,0.460398,0.51433,0.459492,0.573966,0.458388,0.629743,0.437304,0.461658,0.419697,0.5317,0.409279,0.608011,0.40466,0.672601,0.413532,0.474542,0.38584,0.536339,0.370433,0.606003,0.364401,0.663881,0.399375,0.496576,0.362842,0.536451,0.341916,0.583747,0.328884,0.628193
video9.mp4,693ffacf257fb25a2eab891d5e129f4b5ac26c778992445b49e2c233c16a70e7,1280,720,12.06,189,15.667,16,1333,Right,0.469526,0.424992,0.511066,0.459156,0.535456,0.490932,0.540788,0.512129,0.544082,0.531426,0.481748,0.466012,0.49472,0.494698,0.506528,0.523879,0.514023,0.553406,0.439846,0.466499,0.435858,0.540302,0.432741,0.617441,0.436938,0.681237,0.409863,0.481995,0.396587,0.547083,0.38779,0.619743,0.387456,0.678251,0.390878,0.508319,0.357498,0.553324,0.338497,0.599655,0.328449,0.642128
video9.mp4,693ffacf257fb25a2eab891d5e129f4b5ac26c778992445b49e2c233c16a70e7,1280,720,12.06,189,15.667,17,1416,Right,0.462733,0.493354,0.490168,0.556626,0.506288,0.622719,0.504508,0.676762,0.489105,0.68322,0.514592,0.504923,0.549875,0.517689,0.572968,0.543972,0.587748,0.581105,0.469158,0.478616,0.490312,0.534016,0.50019,0.612125,0.509957,0.682315,0.427295,0.485264,0.41648,0.523938,0.399769,0.59802,0.400645,0.658996,0.393284,0.512447,0.35782,0.550216,0.335306,0.597023,0.326843,0.649226
video9.mp4,693ffacf257fb25a2eab891d5e129f4b5ac26c778992445b49e2c233c16a70e7,1280,720,12.06,189,15.667,18,1500,Left,0.499626,0.449065,0.517099,0.523107,0.534755,0.620566,0.554268,0.694222,0.556592,0.72239,0.484868,0.518429,0.465718,0.616555,0.453767,0.671751,0.4416,0.703276,0.45962,0.484934,0.45152,0.577406,0.44489,0.64773,0.43655,0.697845,0.45102,0.468196,0.452039,0.539107,0.451352,0.607549,0.447706,0.661176,0.44757,0.462139,0.437693,0.524691,0.435282,0.581505,0.43324,0.632199
video9.mp4,693ffacf257fb25a2eab891d5e129f4b5ac26c778992445b49e2c233c16a70e7,1280,720,12.06,189,15.667,19,1583,Right,0.504126,0.49021,0.509917,0.544654,0.514001,0.60042,0.517589,0.65604,0.522276,0.694453,0.492665,0.486583,0.468949,0.471699,0.471394,0.517674,0.474828,0.579265,0.479469,0.471066,0.468614,0.499973,0.475412,0.556018,0.479845,0.61576,0.469294,0.485238,0.448804,0.510086,0.439368,0.564105,0.440048,0.621017,0.46358,0.518999,0.455799,0.561206,0.454843,0.594706,0.458216,0.635692
video9.mp4,693ffacf257fb25a2eab891d5e129f4b5ac26c778992445b49e2c233c16a70e7,1280,720,12.06,189,15.667,20,1666,Left,0.484105,0.463963,0.435116,0.503816,0.381939,0.519123,0.331033,0.494057,0.293551,0.457071,0.434232,0.42692,0.418578,0.43876,0.409119,0.466298,0.40191,0.503739,0.480045,0.422045,0.475157,0.437034,0.468078,0.500142,0.469735,0.562471,0.521331,0.440243,0.541592,0.499536,0.549999,0.57761,0.558449,0.648718,0.558844,0.476217,0.590861,0.527559,0.611737,0.57473,0.627911,0.614936
video9.mp4,693ffacf257fb25a2eab891d5e129f4b5ac26c778992445b49e2c233c16a70e7,1280,720,12.06,189,15.667,21,1750,Left,0.502838,0.468655,0.439886,0.483571,0.380987,0.467401,0.331711,0.448732,0.289472,0.414953,0.446788,0.480764,0.428547,0.48174,0.411935,0.454088,0.396035,0.43304,0.495157,0.484375,0.473425,0.480384,0.460092,0.486459,0.452493,0.497085,0.53392,0.486224,0.537675,0.554566,0.543672,0.623483,0.547512,0.68009,0.561059,0.50577,0.574211,0.561663,0.588886,0.619911,0.600338,0.669432
video9.mp4,693ffacf257fb25a2eab891d5e129f4b5ac26c778992445b49e2c233c16a70e7,1280,720,12.06,189,15.667,22,1833,Left,0.487272,0.444618,0.438358,0.464656,0.393965,0.483672,0.356344,0.500716,0.342826,0.529031,0.459679,0.440292,0.472206,0.453092,0.482603,0.495762,0.495458,0.542904,0.5055,0.445261,0.534572,0.496433,0.54792,0.572392,0.5619,0.643165,0.539641,0.46444,0.57178,0.52619,0.583476,0.596993,0.591957,0.660082,0.563815,0.485433,0.600599,0.524921,0.621697,0.563057,0.635944,0.600584
video9.mp4,693ffacf257fb25a2eab891d5e129f4b5ac26c778992445b49e2c233c16a70e7,1280,720,12.06,189,15.667,23,1916,Right,0.410297,0.520016,0.474078,0.597336,0.539865,0.6463,0.583511,0.680123,0.620847,0.720903,0.530784,0.511382,0.570225,0.505772,0.602629,0.549139,0.62482,0.603389,0.499447,0.47878,0.526127,0.454582,0.551826,0.512945,0.557042,0.580088,0.459372,0.468386,0.44386,0.504129,0.436933,0.570652,0.426427,0.634104,0.415962,0.4812,0.369917,0.564136,0.346572,0.635511,0.329857,0.694269
video9.mp4,693ffacf257fb25a2eab891d5e129f4b5ac26c778992445b49e2c233c16a70e7,1280,720,12.06,189,15.667,24,2000,Left,0.469563,0.567626,0.440341,0.60702,0.427549,0.634538,0.416932,0.670605,0.394847,0.678857,0.467802,0.511325,0.477903,0.482212,0.49968,0.49394,0.517583,0.532542,0.498124,0.508559,0.527067,0.467022,0.538047,0.492762,0.544333,0.543857,0.522327,0.522675,0.547109,0.498116,0.558505,0.523412,0.555849,0.568688,0.537944,0.551217,0.559627,0.56386,0.570006,0.606082,0.571675,0.655419
video9.mp4,693ffacf257fb25a2eab891d5e129f4b5ac26c778992445b49e2c233c16a70e7,1280,720,12.06,189,15.667,25,2083,Right,0.455361,0.498337,0.487186,0.51355,0.528649,0.53261,0.560056,0.581977,0.563002,0.609787,0.510064,0.470689,0.533782,0.4953,0.535265,0.547432,0.529823,0.604539,0.468805,0.469891,0.468145,0.536684,0.451514,0.628636,0.439726,0.704343,0.431169,0.485563,0.428663,0.53,0.420935,0.612656,0.417001,0.6846,0.396358,0.508059,0.373149,0.552196,0.358871,0.6086,0.354453,0.655095
video9.mp4,693ffacf257fb25a2eab891d5e129f4b5ac26c778992445b49e2c233c16a70e7,1280,720,12.06,189,15.667,26,2166,Right,0.439778,0.535158,0.464381,0.589654,0.486218,0.63837,0.491757,0.700423,0.478435,0.718207,0.519776,0.490057,0.550643,0.5524,0.555829,0.619501,0.560162,0.678785,0.487713,0.467351,0.513249,0.51941,0.520688,0.622174,0.530322,0.708549,0.447838,0.473728,0.459495,0.514835,0.460381,0.615508,0.465901,0.694118,0.405169,0.495847,0.374879,0.533408,0.359342,0.601002,0.355933,0.645575
video9.mp4,693ffacf257fb25a2eab891d5e129f4b5ac26c778992445b49e2c233c16a70e7,1280,720,12.06,189,15.667,27,2250,Right,0.427702,0.530792,0.472842,0.563523,0.513924,0.607015,0.540633,0.675807,0.541302,0.694762,0.516434,0.477446,0.572118,0.504833,0.609206,0.539499,0.640596,0.571066,0.474439,0.459301,0.514635,0.48931,0.537915,0.575449,0.555843,0.64311,0.428587,0.475639,0.440245,0.53881,0.431657,0.639699,0.427787,0.702555,0.386604,0.511955,0.364986,0.569519,0.353209,0.634265,0.349022,0.656735
video9.mp4,693ffacf257fb25a2eab891d5e129f4b5ac26c778992445b49e2c233c16a70e7,1280,720,12.06,189,15.667,28,2333,Right,0.446095,0.514651,0.480023,0.576888,0.505074,0.648625,0.516438,0.705335,0.503802,0.726483,0.520233,0.488505,0.564207,0.526914,0.590339,0.569981,0.612986,0.616234,0.479603,0.457592,0.504568,0.514991,0.501585,0.620113,0.497479,0.706332,0.434664,0.463053,0.429785,0.511073,0.419437,0.614433,0.414864,0.696291,0.390976,0.488268,0.353353,0.543046,0.337654,0.607879,0.33159,0.658112
video9.mp4,693ffacf257fb25a2eab891d5e129f4b5ac26c778992445b49e2c233c16a70e7,1280,720,12.06,189,15.667,29,2416,Right,0.464368,0.485631,0.485347,0.54942,0.504677,0.632766,0.514155,0.694458,0.504595,0.72022,0.505389,0.499366,0.520532,0.573098,0.517127,0.646199,0.511345,0.711633,0.476523,0.472531,0.48659,0.544236,0.483242,0.643559,0.48319,0.721772,0.446534,0.468986,0.443554,0.510794,0.443454,0.612955,0.447586,0.692921,0.41718,0.479866,0.382721,0.518044,0.370551,0.574733,0.366769,0.619907
video9.mp4,693ffacf257fb25a2eab891d5e129f4b5ac26c778992445b49e2c233c16a70e7,1280,720,12.06,189,15.667,30,2500,Right,0.485592,0.406367,0.528338,0.490024,0.546261,0.58084,0.5621,0.656594,0.582864,0.702557,0.506332,0.504281,0.53001,0.581464,0.547186,0.656322,0.560641,0.723437,0.459024,0.479034,0.457883,0.554381,0.458252,0.625892,0.460334,0.696032,0.419717,0.476631,0.405972,0.537424,0.40029,0.608056,0.40201,0.679347,0.393117,0.490195,0.363695,0.553621,0.348875,0.600382,0.342634,0.65151
video9.mp4,693ffacf257fb25a2eab891d5e129f4b5ac26c778992445b49e2c233c16a70e7,1280,720,12.06,189,15.667,31,2583,Right,0.477128,0.413781,0.526115,0.45526,0.568087,0.50915,0.602112,0.559939,0.629234,0.605905,0.519118,0.503077,0.541825,0.587222,0.554976,0.660726,0.563089,0.725326,0.470186,0.501146,0.468501,0.580921,0.465583,0.643778,0.458556,0.703809,0.428002,0.504063,0.412308,0.566145,0.402704,0.633263,0.395606,0.69482,0.395836,0.505334,0.360316,0.556157,0.342113,0.606888,0.329845,0.661482
video9.mp4,693ffacf257fb25a2eab891d5e129f4b5ac26c778992445b49e2c233c16a70e7,1280,720,12.06,189,15.667,32,2666,Left,0.467956,0.418028,0.527752,0.433233,0.579116,0.48261,0.60923,0.527725,0.63358,0.594716,0.52294,0.510874,0.540631,0.602226,0.553387,0.671983,0.561513,0.727037,0.470875,0.522834,0.466637,0.605073,0.464968,0.668243,0.460667,0.73202,0.42704,0.522968,0.410016,0.579519,0.402805,0.641844,0.395444,0.702164,0.391642,0.512718,0.360397,0.563426,0.341611,0.610627,0.326386,0.663436
video9.mp4,693ffacf257fb25a2eab891d5e129f4b5ac26c778992445b49e2c233c16a70e7,1280,720,12.06,189,15.667,33,2750,Left,0.457271,0.411246,0.513012,0.406408,0.563563,0.424808,0.592013,0.450945,0.615366,0.498736,0.510551,0.497087,0.537328,0.584992,0.552516,0.653277,0.559901,0.707995,0.460574,0.521035,0.467528,0.609988,0.468012,0.678094,0.463463,0.725695,0.417755,0.525123,0.407851,0.596407,0.401032,0.65983,0.393252,0.702114,0.38232,0.513827,0.356271,0.576277,0.339481,0.625997,0.32544,0.665494
video9.mp4,693ffacf257fb25a2eab891d5e129f4b5ac26c778992445b49e2c233c16a70e7,1280,720,12.06,189,15.667,34,2833,Left,0.463231,0.410205,0.51227,0.408603,0.559582,0.432289,0.594412,0.450344,0.623916,0.477485,0.514581,0.519754,0.535571,0.598031,0.549743,0.660477,0.558852,0.712411,0.466488,0.537475,0.470497,0.620409,0.46851,0.67464,0.464379,0.718356,0.425019,0.534248,0.413306,0.60284,0.404951,0.658902,0.397981,0.702194,0.388431,0.516119,0.358894,0.57357,0.340849,0.615274,0.327637,0.653382
video9.mp4,693ffacf257fb25a2eab891d5e129f4b5ac26c778992445b49e2c233c16a70e7,1280,720,12.06,189,15.667,35,2916,Left,0.468087,0.40935,0.524906,0.434505,0.579578,0.482476,0.61283,0.533243,0.63579,0.603741,0.519811,0.503823,0.53937,0.592569,0.553208,0.660421,0.560353,0.716808,0.470093,0.514668,0.470931,0.597791,0.471354,0.672336,0.467374,0.729931,0.427296,0.512948,0.413789,0.579233,0.407241,0.647481,0.400525,0.705016,0.392001,0.501982,0.36237,0.55894,0.344647,0.609992,0.329806,0.661436
video9.mp4,693ffacf257fb25a2eab891d5e129f4b5ac26c778992445b49e2c233c16a70e7,1280,720,12.06,189,15.667,36,3000,Left,0.471051,0.398494,0.524491,0.424658,0.573534,0.483298,0.608086,0.533629,0.637104,0.59582,0.52287,0.507873,0.542034,0.591788,0.555277,0.66014,0.56332,0.711883,0.471602,0.518539,0.472346,0.60165,0.470918,0.674917,0.46647,0.728568,0.42856,0.517042,0.413134,0.582319,0.407602,0.648401,0.402739,0.701371,0.393816,0.504763,0.362626,0.563418,0.344454,0.614516,0.329613,0.660065
video9.mp4,693ffacf257fb25a2eab891d5e129f4b5ac26c778992445b49e2c233c16a70e7,1280,720,12.06,189,15.667,37,3083,Left,0.472382,0.401422,0.527646,0.432955,0.575858,0.496518,0.616212,0.539143,0.644162,0.589875,0.531671,0.561397,0.550101,0.640642,0.554711,0.67903,0.559086,0.67402,0.478364,0.566017,0.472776,0.631336,0.464943,0.657435,0.462624,0.655019,0.432629,0.551739,0.418285,0.613483,0.408231,0.659419,0.404006,0.694765,0.39672,0.523497,0.365892,0.573768,0.343208,0.620894,0.326402,0.663283
video9.mp4,693ffacf257fb25a2eab891d5e129f4b5ac26c778992445b49e2c233c16a70e7,1280,720,12.06,189,15.667,38,3166,Right,0.475112,0.370822,0.52845,0.428555,0.576187,0.500289,0.61553,0.558451,0.644784,0.611839,0.535281,0.484841,0.54407,0.563844,0.552251,0.635207,0.55938,0.697303,0.49254,0.476729,0.499705,0.567208,0.503872,0.649104,0.50839,0.720094,0.45139,0.475673,0.44544,0.553043,0.441824,0.629198,0.442287,0.700314,0.415579,0.473085,0.396724,0.532656,0.391444,0.579009,0.389551,0.628158
video9.mp4,693ffacf257fb25a2eab891d5e129f4b5ac26c778992445b49e2c233c16a70e7,1280,720,12.06,189,15.667,39,3250,Left,0.484927,0.39306,0.434479,0.437364,0.41067,0.482681,0.398696,0.510071,0.391922,0.528877,0.475628,0.469744,0.467053,0.512264,0.454297,0.526585,0.443225,0.535993,0.515708,0.467066,0.535802,0.548927,0.547994,0.62286,0.556865,0.688312,0.545043,0.470971,0.582583,0.521627,0.609515,0.556285,0.628536,0.588743,0.564749,0.475238,0.605133,0.523445,0.62945,0.559193,0.649405,0.596577
video9.mp4,693ffacf257fb25a2eab891d5e129f4b5ac26c778992445b49e2c233c16a70e7,1280,720,12.06,189,15.667,40,3333,Right,0.469663,0.380384,0.514845,0.460809,0.55694,0.529342,0.591177,0.581936,0.624385,0.621935,0.546994,0.470059,0.587509,0.52722,0.613133,0.568836,0.634768,0.608717,0.513238,0.444957,0.539563,0.523973,0.551127,0.609872,0.556193,0.679523,0.469834,0.434815,0.471778,0.506361,0.46672,0.571881,0.465783,0.620159,0.425629,0.436578,0.409958,0.501447,0.405499,0.55023,0.406053,0.592072
video9.mp4,693ffacf257fb25a2eab891d5e129f4b5ac26c778992445b49e2c233c16a70e7,1280,720,12.06,189,15.667,41,3416,Right,0.468448,0.424743,0.515759,0.506736,0.549961,0.599249,0.574234,0.65601,0.596453,0.677677,0.550351,0.512092,0.580325,0.534913,0.604628,0.565775,0.623715,0.602697,0.50951,0.474371,0.523243,0.520079,0.536122,0.586993,0.539672,0.64299,0.464607,0.455611,0.442253,0.53708,0.438514,0.624734,0.432261,0.699136,0.418881,0.452428,0.375831,0.531957,0.351019,0.572537,0.329378,0.607147
video9.mp4,693ffacf257fb25a2eab891d5e129f4b5ac26c778992445b49e2c233c16a70e7,1280,720,12.06,189,15.667,42,3500,Right,0.466156,0.428765,0.5266,0.489002,0.576777,0.567575,0.6044,0.627494,0.628644,0.681294,0.550658,0.478983,0.562169,0.498651,0.571259,0.5315,0.580083,0.566698,0.502665,0.46532,0.495295,0.531383,0.495094,0.61085,0.490537,0.666869,0.455071,0.466449,0.428833,0.537697,0.424819,0.619316,0.423848,0.687249,0.413867,0.469034,0.363717,0.519441,0.333538,0.544312,0.309324,0.569176
video9.mp4,693ffacf257fb25a2eab891d5e129f4b5ac26c778992445b49e2c233c16a70e7,1280,720,12.06,189,15.667,43,3583,Left,0.539838,0.517576,0.471289,0.542163,0.403414,0.574737,0.348762,0.592445,0.302227,0.58109,0.431272,0.476843,0.40096,0.528707,0.396711,0.572096,0.394632,0.604624,0.481973,0.459079,0.475194,0.546062,0.476131,0.633556,0.474367,0.698428,0.531358,0.463119,0.545977,0.552225,0.55315,0.641774,0.558383,0.709817,0.575913,0.480257,0.611914,0.529919,0.639368,0.585366,0.662661,0.631062
video9.mp4,693ffacf257fb25a2eab891d5e129f4b5ac26c778992445b49e2c233c16a70e7,1280,720,12.06,189,15.667,44,3666,Left,0.532536,0.545,0.480234,0.594629,0.434432,0.597297,0.412545,0.609885,0.396984,0.608969,0.422106,0.519442,0.367923,0.500115,0.328938,0.476259,0.292312,0.455748,0.452453,0.472634,0.439101,0.504885,0.425852,0.532645,0.413544,0.566835,0.494247,0.45565,0.527251,0.547492,0.53318,0.637298,0.533179,0.70888,0.537208,0.472471,0.595755,0.550303,0.625874,0.598721,0.647282,0.629078
video9.mp4,693ffacf257fb25a2eab891d5e129f4b5ac26c778992445b49e2c233c16a70e7,1280,720,12.06,189,15.667,45,3750,Left,0.530782,0.527742,0.473443,0.577178,0.423837,0.571204,0.390973,0.569829,0.361273,0.560053,0.424887,0.509351,0.379987,0.509874,0.347124,0.49335,0.313629,0.486514,0.455613,0.471371,0.430608,0.50442,0.405373,0.527968,0.383226,0.565716,0.494163,0.456457,0.517327,0.553607,0.521784,0.63628,0.520334,0.705977,0.534739,0.47068,0.592723,0.547748,0.62344,0.596761,0.643852,0.632612
video9.mp4,693ffacf257fb25a2eab891d5e129f4b5ac26c778992445b49e2c233c16a70e7,1280,720,12.06,189,15.667,46,3833,Left,0.54775,0.505683,0.518161,0.553116,0.48812,0.593124,0.472165,0.664082,0.45349,0.715323,0.439775,0.515782,0.370014,0.509477,0.327325,0.498566,0.292123,0.491258,0.453405,0.482969,0.410953,0.523149,0.391241,0.587468,0.379602,0.649721,0.484905,0.474266,0.483897,0.557501,0.479643,0.63483,0.473265,0.696587,0.524886,0.485504,0.581105,0.558213,0.613291,0.601024,0.632787,0.629774
video9.mp4,693ffacf257fb25a2eab891d5e129f4b5ac26c778992445b49e2c233c16a70e7,1280,720,12.06,189,15.667,47,3916,Left,0.513899,0.514684,0.46184,0.616819,0.415986,0.655888,0.385097,0.690012,0.370055,0.694184,0.408425,0.536189,0.360876,0.571138,0.331777,0.603843,0.308414,0.645305,0.43786,0.487875,0.406009,0.525391,0.389649,0.601032,0.384883,0.67919,0.476517,0.466019,0.492736,0.535469,0.491969,0.613879,0.489484,0.682388,0.521679,0.472664,0.58362,0.543204,0.616918,0.594411,0.637248,0.635683
video9.mp4,693ffacf257fb25a2eab891d5e129f4b5ac26c778992445b49e2c233c16a70e7,1280,720,12.06,189,15.667,48,4000,Left,0.528418,0.511889,0.478976,0.593552,0.442021,0.645353,0.421789,0.713018,0.414559,0.734662,0.416296,0.531753,0.36448,0.573322,0.334063,0.612948,0.308313,0.659025,0.441489,0.483878,0.400306,0.5214,0.386455,0.590876,0.384526,0.660203,0.479062,0.459245,0.485915,0.534578,0.490618,0.613829,0.496501,0.682358,0.524118,0.468445,0.58349,0.53752,0.618723,0.582747,0.642854,0.614213
video9.mp4,693ffacf257fb25a2eab891d5e129f4b5ac26c778992445b49e2c233c16a70e7,1280,720,12.06,189,15.667,49,4083,Left,0.501877,0.478628,0.47781,0.571341,0.449259,0.644895,0.43063,0.723318,0.419369,0.731733,0.428986,0.542735,0.417379,0.577985,0.411917,0.599643,0.409585,0.635982,0.446691,0.484859,0.403839,0.524209,0.369944,0.57476,0.354271,0.63469,0.473564,0.449066,0.467607,0.518376,0.455393,0.604281,0.444577,0.679538,0.509628,0.442883,0.566337,0.501004,0.605358,0.529284,0.631413,0.548211
video9.mp4,693ffacf257fb25a2eab891d5e129f4b5ac26c778992445b49e2c233c16a70e7,1280,720,12.06,189,15.667,50,4166,Left,0.496002,0.495768,0.487205,0.558341,0.483829,0.630952,0.499001,0.696503,0.510608,0.697658,0.464323,0.517181,0.437477,0.545009,0.412549,0.580755,0.396469,0.61908,0.455191,0.482482,0.402516,0.515794,0.364686,0.586507,0.340745,0.652675,0.465868,0.471547,0.463361,0.549845,0.461793,0.653648,0.455042,0.73418,0.488382,0.487136,0.547976,0.543489,0.586873,0.566002,0.60895,0.584549
video9.mp4,693ffacf257fb25a2eab891d5e129f4b5ac26c778992445b49e2c233c16a70e7,1280,720,12.06,189,15.667,51,4250,Left,0.512833,0.496721,0.482637,0.576616,0.454009,0.646888,0.436233,0.685864,0.417841,0.677566,0.434735,0.516238,0.400105,0.543845,0.371528,0.58902,0.346944,0.641185,0.445622,0.484642,0.413539,0.520853,0.387824,0.59052,0.370486,0.646505,0.466121,0.473668,0.464275,0.566921,0.466024,0.661909,0.46786,0.724252,0.489924,0.488791,0.503331,0.586279,0.517359,0.630727,0.524243,0.658572
video9.mp4,693ffacf257fb25a2eab891d5e129f4b5ac26c778992445b49e2c233c16a70e7,1280,720,12.06,189,15.667,52,4333,Left,0.493726,0.381632,0.446211,0.499996,0.393748,0.595526,0.359846,0.651361,0.331781,0.67117,0.415606,0.498271,0.385435,0.559298,0.368453,0.616963,0.355859,0.670947,0.446942,0.463614,0.436604,0.518045,0.441684,0.593856,0.448736,0.665633,0.483607,0.442053,0.497989,0.521976,0.502678,0.607114,0.509794,0.692925,0.529095,0.446071,0.579532,0.484829,0.615689,0.506959,0.641251,0.530099
video9.mp4,693ffacf257fb25a2eab891d5e129f4b5ac26c778992445b49e2c233c16a70e7,1280,720,12.06,189,15.667,53,4416,Left,0.474787,0.34238,0.435576,0.465781,0.396098,0.574817,0.368661,0.64886,0.342977,0.691323,0.401453,0.506321,0.375004,0.567791,0.365541,0.630449,0.363279,0.693448,0.432745,0.474251,0.438888,0.550003,0.448685,0.636667,0.464494,0.717141,0.469532,0.448622,0.507613,0.527501,0.535238,0.610054,0.56311,0.687545,0.511955,0.434724,0.565511,0.448648,0.602572,0.468567,0.634215,0.4949
video9.mp4,693ffacf257fb25a2eab891d5e129f4b5ac26c778992445b49e2c233c16a70e7,1280,720,12.06,189,15.667,54,4500,Left,0.473271,0.357102,0.420948,0.459455,0.371336,0.566876,0.335413,0.639733,0.300493,0.658168,0.397385,0.502941,0.376218,0.574605,0.369288,0.627863,0.364421,0.685043,0.440964,0.480551,0.45434,0.56824,0.460219,0.645298,0.469218,0.717503,0.485213,0.460005,0.517605,0.550868,0.535342,0.621142,0.554889,0.6902,0.533266,0.449937,0.56301,0.514112,0.581549,0.55174,0.60113,0.593632
video9.mp4,693ffacf257fb25a2eab891d5e129f4b5ac26c778992445b49e2c233c16a70e7,1280,720,12.06,189,15.667,55,4583,Left,0.461508,0.361187,0.408634,0.44989,0.365763,0.553455,0.327456,0.624124,0.285927,0.662485,0.402728,0.517878,0.381802,0.58813,0.371875,0.643978,0.362289,0.701594,0.447585,0.497059,0.458095,0.586121,0.461604,0.660933,0.466137,0.72169,0.488962,0.474466,0.526509,0.561342,0.546509,0.629292,0.56449,0.685745,0.527502,0.449389,0.576153,0.503135,0.605913,0.534574,0.629836,0.562929
video9.mp4,693ffacf257fb25a2eab891d5e129f4b5ac26c778992445b49e2c233c16a70e7,1280,720,12.06,189,15.667,56,4666,Right,0.4642,0.37541,0.413751,0.448411,0.386324,0.560357,0.375101,0.650383,0.356085,0.716279,0.414393,0.514095,0.387411,0.587798,0.376562,0.642967,0.367402,0.69982,0.459997,0.508815,0.464663,0.604045,0.467205,0.658334,0.469798,0.710131,0.501432,0.498105,0.541372,0.569596,0.561322,0.625335,0.575841,0.680402,0.540242,0.482091,0.579676,0.530001,0.60127,0.558562,0.617625,0.588985
video9.mp4,693ffacf257fb25a2eab891d5e129f4b5ac26c778992445b49e2c233c16a70e7,1280,720,12.06,189,15.667,57,4750,Right,0.458608,0.411708,0.509391,0.446624,0.549127,0.526227,0.575347,0.590003,0.59117,0.638317,0.519806,0.504356,0.540669,0.571206,0.556482,0.610819,0.567001,0.655524,0.476818,0.504066,0.481788,0.588053,0.483045,0.652118,0.482724,0.707424,0.433814,0.505917,0.414887,0.575445,0.407873,0.633649,0.404468,0.684939,0.395632,0.508955,0.355598,0.573473,0.325869,0.61388,0.301433,0.647316
video9.mp4,693ffacf257fb25a2eab891d5e129f4b5ac26c778992445b49e2c233c16a70e7,1280,720,12.06,189,15.667,58,4833,Right,0.465201,0.385136,0.424462,0.429548,0.41008,0.483964,0.402275,0.521628,0.397397,0.55639,0.469594,0.519179,0.478168,0.559297,0.484547,0.582691,0.490403,0.604071,0.507673,0.508677,0.530864,0.579635,0.54542,0.646617,0.556726,0.710894,0.537072,0.496733,0.561599,0.561705,0.575496,0.629045,0.58483,0.691329,0.55775,0.479162,0.596201,0.522396,0.619597,0.556836,0.637023,0.592866
video9.mp4,693ffacf257fb25a2eab891d5e129f4b5ac26c778992445b49e2c233c16a70e7,1280,720,12.06,189,15.667,59,4916,Left,0.493838,0.402627,0.447424,0.439208,0.419769,0.471346,0.395737,0.48547,0.373072,0.480719,0.483416,0.483365,0.484972,0.508228,0.483825,0.515221,0.487019,0.536775,0.521826,0.490878,0.546331,0.557175,0.560174,0.612431,0.570817,0.667845,0.549286,0.495997,0.588636,0.538875,0.611247,0.574891,0.624695,0.609641,0.56697,0.498607,0.600336,0.533603,0.621212,0.559148,0.636451,0.585128
video9.mp4,693ffacf257fb25a2eab891d5e129f4b5ac26c778992445b49e2c233c16a70e7,1280,720,12.06,189,15.667,60,5000,Left,0.476203,0.400766,0.433486,0.440036,0.406617,0.47422,0.376204,0.482381,0.350513,0.469411,0.465344,0.486523,0.467493,0.504323,0.469565,0.502723,0.469797,0.507029,0.504259,0.485858,0.534077,0.55425,0.553373,0.611488,0.566875,0.66524,0.533492,0.488066,0.575918,0.532068,0.602946,0.568202,0.619925,0.600488,0.552686,0.488455,0.59269,0.523986,0.617325,0.55288,0.637622,0.58125
video9.mp4,693ffacf257fb25a2eab891d5e129f4b5ac26c778992445b49e2c233c16a70e7,1280,720,12.06,189,15.667,61,5083,Right,0.467067,0.411979,0.5012,0.480999,0.523745,0.580782,0.533796,0.657644,0.528629,0.691965,0.52419,0.497043,0.545545,0.570049,0.560099,0.627033,0.572094,0.684574,0.493946,0.469552,0.497196,0.547739,0.499106,0.618931,0.4978,0.676888,0.456168,0.459269,0.445029,0.55022,0.440066,0.629722,0.435862,0.698368,0.415705,0.458708,0.374146,0.5175,0.349517,0.535371,0.325678,0.552371
video9.mp4,693ffacf257fb25a2eab891d5e129f4b5ac26c778992445b49e2c233c16a70e7,1280,720,12.06,189,15.667,62,5166,Right,0.459772,0.414146,0.512169,0.464634,0.561424,0.539049,0.592815,0.584472,0.615204,0.609069,0.517486,0.485781,0.491879,0.542823,0.475599,0.589107,0.464418,0.640971,0.482447,0.471155,0.477096,0.553811,0.473998,0.625058,0.468038,0.680554,0.448343,0.464989,0.436292,0.561346,0.432864,0.631669,0.430428,0.691027,0.414612,0.466293,0.376749,0.527109,0.354812,0.54596,0.338711,0.566864
video9.mp4,693ffacf257fb25a2eab891d5e129f4b5ac26c778992445b49e2c233c16a70e7,1280,720,12.06,189,15.667,63,5250,Left,0.467605,0.414584,0.42905,0.453622,0.411414,0.519092,0.395204,0.578709,0.380425,0.610303,0.440412,0.463263,0.416403,0.519844,0.403607,0.560642,0.39391,0.61048,0.487338,0.463616,0.484839,0.541091,0.488232,0.620222,0.488156,0.695243,0.525212,0.469647,0.552022,0.527415,0.565928,0.585702,0.57254,0.635691,0.547918,0.48491,0.593782,0.530751,0.624056,0.557144,0.650228,0.584037
video9.mp4,693ffacf257fb25a2eab891d5e129f4b5ac26c778992445b49e2c233c16a70e7,1280,720,12.06,189,15.667,64,5333,Left,0.47481,0.408023,0.418891,0.443207,0.382408,0.490686,0.341038,0.503558,0.299666,0.487157,0.434023,0.466419,0.407348,0.523371,0.396103,0.557399,0.389641,0.592238,0.482312,0.469078,0.478385,0.55303,0.478415,0.626986,0.476332,0.692491,0.521238,0.472628,0.541302,0.538855,0.547209,0.600037,0.550353,0.655693,0.549589,0.479005,0.592203,0.524168,0.621186,0.552923,0.642511,0.585893
video9.mp4,693ffacf257fb25a2eab891d5e129f4b5ac26c778992445b49e2c233c16a70e7,1280,720,12.06,189,15.667,65,5416,Left,0.46261,0.385001,0.410606,0.437815,0.367948,0.513946,0.32777,0.550974,0.295302,0.575563,0.413508,0.493356,0.403697,0.569825,0.399038,0.626816,0.394075,0.690998,0.460872,0.482751,0.472811,0.576018,0.481023,0.643809,0.488133,0.711735,0.503008,0.473931,0.534229,0.540557,0.556431,0.598553,0.573967,0.653286,0.54144,0.462705,0.581586,0.514127,0.608488,0.547289,0.629915,0.581437
video9.mp4,693ffacf257fb25a2eab891d5e129f4b5ac26c778992445b49e2c233c16a70e7,1280,720,12.06,189,15.667,66,5500,Right,0.455431,0.372285,0.475757,0.453223,0.481581,0.569852,0.476066,0.671361,0.471594,0.742963,0.461762,0.481034,0.448245,0.571789,0.443212,0.63164,0.436256,0.69973,0.454044,0.469405,0.462105,0.563088,0.474533,0.639799,0.486805,0.710504,0.444274,0.458687,0.468859,0.521347,0.503008,0.561413,0.532834,0.594267,0.436112,0.444526,0.438336,0.482379,0.447696,0.500593,0.459921,0.524212
video9.mp4,693ffacf257fb25a2eab891d5e129f4b5ac26c778992445b49e2c233c16a70e7,1280,720,12.06,189,15.667,67,5583,Right,0.464708,0.391996,0.506353,0.455816,0.51909,0.545321,0.514364,0.61919,0.501082,0.668153,0.501747,0.482159,0.525588,0.546312,0.545608,0.579592,0.561023,0.612408,0.466468,0.477647,0.478879,0.565399,0.483424,0.644504,0.488269,0.70327,0.429087,0.47878,0.412686,0.561268,0.399457,0.634768,0.391064,0.682368,0.396669,0.48672,0.358985,0.557621,0.332608,0.5974,0.313044,0.624958
video9.mp4,693ffacf257fb25a2eab891d5e129f4b5ac26c778992445b49e2c233c16a70e7,1280,720,12.06,189,15.667,68,5666,Right,0.461606,0.395046,0.497612,0.461116,0.502332,0.554774,0.490558,0.629416,0.473802,0.681777,0.492279,0.479331,0.519607,0.517711,0.546043,0.533209,0.569663,0.554231,0.462404,0.473941,0.477348,0.556552,0.482032,0.631396,0.487329,0.691439,0.429519,0.47694,0.415456,0.567078,0.400137,0.640328,0.390751,0.694173,0.398584,0.486937,0.362276,0.56542,0.333574,0.609552,0.31147,0.643975
video9.mp4,693ffacf257fb25a2eab891d5e129f4b5ac26c778992445b49e2c233c16a70e7,1280,720,12.06,189,15.667,69,5750,Left,0.459081,0.374279,0.419096,0.453669,0.390235,0.552155,0.371131,0.625324,0.349289,0.667398,0.402015,0.490986,0.384846,0.572213,0.37929,0.627635,0.373004,0.679781,0.441091,0.468859,0.455737,0.55504,0.463867,0.62581,0.469766,0.681283,0.478279,0.453325,0.504035,0.526244,0.511853,0.587886,0.519859,0.63179,0.512227,0.44483,0.538529,0.500877,0.551404,0.528766,0.563425,0.550025
video9.mp4,693ffacf257fb25a2eab891d5e129f4b5ac26c778992445b49e2c233c16a70e7,1280,720,12.06,189,15.667,70,5833,Left,0.455803,0.367492,0.452682,0.46635,0.450458,0.573665,0.456072,0.648804,0.460679,0.661257,0.442913,0.481984,0.461789,0.574342,0.474045,0.637364,0.482573,0.685273,0.451239,0.453943,0.471425,0.546544,0.482582,0.627345,0.493547,0.689933,0.460056,0.445497,0.478128,0.523449,0.482817,0.598462,0.492175,0.661124,0.471126,0.453548,0.473277,0.503114,0.469953,0.537015,0.470237,0.571815
video9.mp4,693ffacf257fb25a2eab891d5e129f4b5ac26c778992445b49e2c233c16a70e7,1280,720,12.06,189,15.667,71,5916,Left,0.463349,0.390247,0.418913,0.462549,0.385417,0.55073,0.358975,0.61844,0.33442,0.656125,0.409592,0.487885,0.391129,0.570781,0.38613,0.629548,0.382688,0.689895,0.454846,0.466478,0.472499,0.550948,0.478198,0.638641,0.482388,0.705634,0.493292,0.455293,0.527178,0.536783,0.539972,0.617946,0.54921,0.674298,0.524146,0.455524,0.55125,0.518788,0.564193,0.564167,0.573842,0.598501
video9.mp4,693ffacf257fb25a2eab891d5e129f4b5ac26c778992445b49e2c233c16a70e7,1280,720,12.06,189,15.667,72,6000,Left,0.467477,0.379654,0.43095,0.465223,0.398311,0.566459,0.373819,0.636701,0.352686,0.669958,0.424918,0.488438,0.420837,0.565555,0.425857,0.622035,0.430026,0.677833,0.464293,0.468901,0.478622,0.548302,0.486276,0.630182,0.49243,0.695169,0.495856,0.455232,0.515993,0.540873,0.520318,0.618437,0.526847,0.680031,0.523578,0.447658,0.543663,0.503562,0.554708,0.543266,0.562827,0.577218
video9.mp4,693ffacf257fb25a2eab891d5e129f4b5ac26c778992445b49e2c233c16a70e7,1280,720,12.06,189,15.667,73,6083,Left,0.460416,0.406187,0.415705,0.471668,0.380685,0.549106,0.349623,0.606197,0.322605,0.62918,0.411616,0.493267,0.391973,0.569482,0.389405,0.628777,0.387715,0.681171,0.457436,0.470084,0.473368,0.56168,0.47904,0.65191,0.481682,0.713616,0.495752,0.45354,0.528517,0.53897,0.541526,0.619026,0.550867,0.673904,0.526076,0.441677,0.566429,0.479925,0.591039,0.513105,0.606662,0.537572
video9.mp4,693ffacf257fb25a2eab891d5e129f4b5ac26c778992445b49e2c233c16a70e7,1280,720,12.06,189,15.667,74,6166,Left,0.460917,0.392579,0.413225,0.462115,0.375638,0.545542,0.338152,0.60916,0.30481,0.653503,0.420896,0.511752,0.40589,0.578601,0.403019,0.633978,0.401398,0.690523,0.467036,0.498509,0.472526,0.5899,0.47783,0.65902,0.483082,0.714317,0.50723,0.482453,0.533259,0.559795,0.548634,0.629955,0.560919,0.688268,0.541555,0.462225,0.578481,0.520411,0.603633,0.564469,0.620872,0.600948
video9.mp4,693ffacf257fb25a2eab891d5e129f4b5ac26c778992445b49e2c233c16a70e7,1280,720,12.06,189,15.667,75,6250,Left,0.459554,0.391209,0.409359,0.433504,0.367632,0.477253,0.321387,0.482768,0.282001,0.473271,0.423682,0.506384,0.426089,0.530652,0.42438,0.521371,0.42574,0.513039,0.472131,0.496199,0.492163,0.576184,0.505604,0.635828,0.514155,0.688357,0.51293,0.488861,0.53801,0.56273,0.557215,0.626342,0.570179,0.687276,0.545634,0.47504,0.582175,0.522828,0.606266,0.55506,0.624655,0.594811
video9.mp4,693ffacf257fb25a2eab891d5e129f4b5ac26c778992445b49e2c233c16a70e7,1280,720,12.06,189,15.667,76,6333,Left,0.474434,0.426124,0.418462,0.450348,0.370414,0.478454,0.321679,0.487264,0.283615,0.491363,0.428212,0.509697,0.408299,0.500152,0.388182,0.466066,0.373419,0.453612,0.475139,0.495913,0.482937,0.528959,0.48565,0.547626,0.483923,0.571838,0.517687,0.496387,0.538662,0.547775,0.553433,0.593616,0.561375,0.63404,0.552205,0.495678,0.586582,0.534609,0.610341,0.559876,0.626355,0.583375
video9.mp4,693ffacf257fb25a2eab891d5e129f4b5ac26c778992445b49e2c233c16a70e7,1280,720,12.06,189,15.667,77,6416,Left,0.467945,0.392722,0.413616,0.433136,0.367507,0.482381,0.319367,0.505217,0.281295,0.516868,0.419854,0.49194,0.41824,0.523236,0.424977,0.560857,0.435048,0.598997,0.473193,0.487726,0.484912,0.56317,0.497311,0.620547,0.506951,0.671351,0.517469,0.48668,0.537027,0.55947,0.557353,0.626874,0.571409,0.688324,0.551838,0.476949,0.583585,0.529104,0.605521,0.560883,0.622133,0.596158
video9.mp4,693ffacf257fb25a2eab891d5e129f4b5ac26c778992445b49e2c233c16a70e7,1280,720,12.06,189,15.667,78,6500,Left,0.473192,0.357603,0.425693,0.426213,0.403014,0.514674,0.399721,0.601363,0.404709,0.676274,0.451356,0.489471,0.442346,0.563497,0.437489,0.622629,0.430734,0.682873,0.498197,0.483344,0.51289,0.576044,0.526143,0.652029,0.5317,0.718246,0.533923,0.481616,0.560091,0.567768,0.58009,0.6392,0.589845,0.702802,0.558577,0.475195,0.593325,0.52764,0.615239,0.561355,0.631665,0.600369
video9.mp4,693ffacf257fb25a2eab891d5e129f4b5ac26c778992445b49e2c233c16a70e7,1280,720,12.06,189,15.667,79,6583,Right,0.462576,0.39852,0.515134,0.445717,0.567086,0.50523,0.603882,0.5564,0.629473,0.59979,0.517049,0.480041,0.549047,0.514727,0.573801,0.546105,0.596184,0.579377,0.47305,0.490241,0.480193,0.565043,0.487007,0.632894,0.48753,0.688102,0.43389,0.502241,0.422012,0.576026,0.418364,0.641085,0.412785,0.696867,0.40123,0.506325,0.370045,0.566857,0.348165,0.607782,0.326915,0.64725
video9.mp4,693ffacf257fb25a2eab891d5e129f4b5ac26c778992445b49e2c233c16a70e7,1280,720,12.06,189,15.667,80,6666,Left,0.463382,0.39546,0.518166,0.444286,0.559897,0.543809,0.577832,0.634962,0.588597,0.71327,0.515643,0.491041,0.529013,0.533385,0.541031,0.551987,0.554135,0.58337,0.473449,0.493798,0.481248,0.567732,0.490727,0.636695,0.498357,0.700835,0.430227,0.500919,0.422227,0.56569,0.422413,0.614516,0.422588,0.662651,0.393206,0.503356,0.365982,0.559893,0.347707,0.593154,0.334238,0.635741
video9.mp4,693ffacf257fb25a2eab891d5e129f4b5ac26c778992445b49e2c233c16a70e7,1280,720,12.06,189,15.667,81,6750,Right,0.462547,0.402458,0.45954,0.491847,0.459372,0.592555,0.455129,0.66541,0.441625,0.718684,0.462076,0.517857,0.457528,0.580909,0.459803,0.620918,0.461442,0.669488,0.471309,0.487062,0.478748,0.546123,0.488082,0.620804,0.494481,0.686641,0.476009,0.47043,0.483164,0.524643,0.489549,0.597154,0.491194,0.657899,0.480389,0.464584,0.488756,0.51818,0.494211,0.570206,0.496975,0.62348
video9.mp4,693ffacf257fb25a2eab891d5e129f4b5ac26c778992445b49e2c233c16a70e7,1280,720,12.06,189,15.667,82,6833,Left,0.465709,0.409538,0.430801,0.458555,0.406386,0.533311,0.389114,0.593392,0.370204,0.629593,0.422415,0.480677,0.415112,0.541732,0.416354,0.599002,0.415783,0.653194,0.463122,0.461554,0.479547,0.55136,0.486127,0.628942,0.489659,0.687429,0.498779,0.451683,0.527586,0.542552,0.544026,0.61838,0.554984,0.679206,0.525622,0.449712,0.555335,0.496547,0.573579,0.529407,0.587665,0.559785
video9.mp4,693ffacf257fb25a2eab891d5e129f4b5ac26c778992445b49e2c233c16a70e7,1280,720,12.06,189,15.667,83,6916,Left,0.476144,0.406342,0.440876,0.456316,0.411758,0.501585,0.381499,0.528304,0.355278,0.531586,0.430095,0.457187,0.419919,0.477667,0.420937,0.510282,0.4226,0.541841,0.471283,0.44832,0.48843,0.529098,0.496204,0.590514,0.501175,0.635711,0.506545,0.448822,0.533077,0.54333,0.550793,0.622373,0.563994,0.687667,0.531131,0.451725,0.572911,0.504909,0.602146,0.539529,0.626558,0.570619
video9.mp4,693ffacf257fb25a2eab891d5e129f4b5ac26c778992445b49e2c233c16a70e7,1280,720,12.06,189,15.667,84,7000,Left,0.474342,0.427045,0.427852,0.460967,0.390943,0.496681,0.351569,0.502435,0.31364,0.491172,0.433969,0.472577,0.425286,0.500724,0.408883,0.501758,0.390264,0.503805,0.47976,0.47183,0.486906,0.525247,0.486228,0.553391,0.486781,0.567344,0.51705,0.474826,0.540063,0.554008,0.5534,0.625559,0.563639,0.684312,0.544859,0.472657,0.584054,0.516186,0.615279,0.53922,0.640921,0.560591
video9.mp4,693ffacf257fb25a2eab891d5e129f4b5ac26c778992445b49e2c233c16a70e7,1280,720,12.06,189,15.667,85,7083,Left,0.47152,0.403291,0.422381,0.44282,0.381648,0.481719,0.336996,0.480197,0.295769,0.467531,0.442464,0.487822,0.442903,0.503281,0.441856,0.509771,0.445412,0.520519,0.485223,0.484062,0.487684,0.534039,0.490068,0.564562,0.491331,0.596697,0.521439,0.486563,0.537611,0.555711,0.553351,0.613738,0.565006,0.673878,0.548758,0.484869,0.58746,0.522572,0.613063,0.545689,0.632878,0.575058
video9.mp4,693ffacf257fb25a2eab891d5e129f4b5ac26c778992445b49e2c233c16a70e7,1280,720,12.06,189,15.667,86,7166,Left,0.4706,0.370304,0.424503,0.428837,0.402137,0.517083,0.389579,0.588182,0.384283,0.644352,0.450735,0.463504,0.452354,0.492157,0.450849,0.523691,0.452833,0.567768,0.491869,0.45251,0.495719,0.506205,0.500292,0.547236,0.504379,0.594119,0.524635,0.461421,0.54728,0.532988,0.564567,0.604496,0.577638,0.675669,0.548266,0.476258,0.593033,0.524529,0.620186,0.558304,0.639674,0.595353
video9.mp4,693ffacf257fb25a2eab891d5e129f4b5ac26c778992445b49e2c233c16a70e7,1280,720,12.06,189,15.667,87,7250,Right,0.468722,0.42474,0.426371,0.498975,0.409036,0.588389,0.409332,0.660452,0.403009,0.68076,0.446303,0.540546,0.456828,0.551178,0.463583,0.551221,0.470018,0.555119,0.489615,0.517997,0.499179,0.526411,0.505192,0.526226,0.505509,0.517223,0.528639,0.505422,0.537231,0.519623,0.527727,0.517774,0.510747,0.511738,0.561337,0.489215,0.581131,0.528665,0.590671,0.56044,0.59196,0.588591
video9.mp4,693ffacf257fb25a2eab891d5e129f4b5ac26c778992445b49e2c233c16a70e7,1280,720,12.06,189,15.667,88,7333,Right,0.472569,0.424101,0.43254,0.511196,0.418954,0.618648,0.418282,0.685112,0.401776,0.678679,0.438708,0.516524,0.427305,0.557543,0.42354,0.593179,0.42272,0.639687,0.482321,0.492646,0.490945,0.501878,0.5059,0.5019,0.517655,0.501272,0.523071,0.483206,0.541317,0.486278,0.560161,0.480697,0.574247,0.476417,0.554393,0.479196,0.581679,0.526051,0.602381,0.559618,0.617928,0.592253
video9.mp4,693ffacf257fb25a2eab891d5e129f4b5ac26c778992445b49e2c233c16a70e7,1280,720,12.06,189,15.667,89,7416,Right,0.465228,0.406851,0.515618,0.469542,0.549541,0.56726,0.561524,0.64313,0.559905,0.698448,0.515736,0.503191,0.517865,0.55992,0.525398,0.588366,0.533652,0.622176,0.474994,0.485858,0.484637,0.568561,0.494543,0.634709,0.503445,0.690972,0.433536,0.478959,0.445108,0.55229,0.462718,0.601062,0.480378,0.642172,0.394474,0.474567,0.377755,0.531524,0.368564,0.561104,0.3623,0.587332
video9.mp4,693ffacf257fb25a2eab891d5e129f4b5ac26c778992445b49e2c233c16a70e7,1280,720,12.06,189,15.667,90,7500,Right,0.456601,0.41283,0.492389,0.4707,0.501272,0.552801,0.49825,0.612309,0.493197,0.637169,0.495509,0.492035,0.522604,0.537375,0.540011,0.554409,0.555811,0.570495,0.466264,0.486554,0.486747,0.570267,0.497687,0.639948,0.506022,0.690852,0.432662,0.48695,0.421962,0.570003,0.41724,0.634665,0.414827,0.682245,0.401848,0.488825,0.365054,0.547841,0.339196,0.577655,0.317483,0.599743
video9.mp4,693ffacf257fb25a2eab891d5e129f4b5ac26c778992445b49e2c233c16a70e7,1280,720,12.06,189,15.667,91,7583,Right,0.471191,0.411419,0.503894,0.479618,0.501562,0.578587,0.477697,0.645966,0.454258,0.676699,0.506969,0.503699,0.528719,0.542642,0.547546,0.564596,0.564954,0.589129,0.477015,0.490366,0.495117,0.571272,0.507729,0.640256,0.517307,0.69135,0.441792,0.484556,0.420441,0.572942,0.411602,0.637553,0.407186,0.685491,0.407971,0.48353,0.36597,0.551065,0.338602,0.59158,0.315635,0.622683
video9.mp4,693ffacf257fb25a2eab891d5e129f4b5ac26c778992445b49e2c233c16a70e7,1280,720,12.06,189,15.667,92,7666,Left,0.469262,0.403646,0.447178,0.480002,0.425414,0.577417,0.407551,0.651359,0.388081,0.667701,0.432718,0.499263,0.421628,0.571155,0.417764,0.62827,0.410547,0.678776,0.462047,0.467838,0.481929,0.554211,0.495774,0.63438,0.507156,0.69252,0.487598,0.45566,0.511484,0.544907,0.528595,0.629664,0.544094,0.692903,0.508881,0.459108,0.530533,0.533045,0.541459,0.580337,0.550614,0.615926
video9.mp4,693ffacf257fb25a2eab891d5e129f4b5ac26c778992445b49e2c233c16a70e7,1280,720,12.06,189,15.667,93,7750,Left,0.475131,0.426745,0.434165,0.476625,0.402148,0.536905,0.368937,0.562632,0.337655,0.558009,0.425513,0.48102,0.418843,0.501989,0.426889,0.532285,0.436544,0.561318,0.466586,0.464428,0.489676,0.535142,0.506156,0.594509,0.519964,0.63814,0.501519,0.459896,0.53438,0.535478,0.55662,0.60492,0.575422,0.661021,0.527675,0.458986,0.566893,0.506519,0.595249,0.543667,0.618983,0.575838
video9.mp4,693ffacf257fb25a2eab891d5e129f4b5ac26c778992445b49e2c233c16a70e7,1280,720,12.06,189,15.667,94,7833,None,0.0,0.0,0.0,0.0,0.0,0.0,0.0,0.0,0.0,0.0,0.0,0.0,0.0,0.0,0.0,0.0,0.0,0.0,0.0,0.0,0.0,0.0,0.0,0.0,0.0,0.0,0.0,0.0,0.0,0.0,0.0,0.0,0.0,0.0,0.0,0.0,0.0,0.0,0.0,0.0,0.0,0.0
video9.mp4,693ffacf257fb25a2eab891d5e129f4b5ac26c778992445b49e2c233c16a70e7,1280,720,12.06,189,15.667,95,7916,Left,0.474119,0.401848,0.436148,0.471139,0.402709,0.555628,0.363957,0.613009,0.32972,0.636523,0.432711,0.471913,0.424527,0.494922,0.420333,0.526902,0.417493,0.563286,0.479573,0.464823,0.492899,0.52066,0.502164,0.566218,0.511454,0.595608,0.517987,0.467768,0.54112,0.548536,0.556314,0.619574,0.569547,0.678805,0.54622,0.466697,0.583635,0.52603,0.610989,0.563754,0.63371,0.598049
video9.mp4,693ffacf257fb25a2eab891d5e129f4b5ac26c778992445b49e2c233c16a70e7,1280,720,12.06,189,15.667,96,8000,Left,0.465354,0.400512,0.41332,0.455479,0.376718,0.539138,0.346355,0.606432,0.322052,0.665366,0.432352,0.497534,0.426955,0.565608,0.423736,0.633166,0.421856,0.699183,0.482346,0.4889,0.505409,0.593586,0.519685,0.674976,0.532565,0.743519,0.521551,0.481558,0.555196,0.576381,0.577738,0.651211,0.593723,0.715848,0.547599,0.469523,0.585173,0.527412,0.61082,0.567441,0.630336,0.605248
video9.mp4,693ffacf257fb25a2eab891d5e129f4b5ac26c778992445b49e2c233c16a70e7,1280,720,12.06,189,15.667,97,8083,Right,0.465055,0.396103,0.428448,0.454946,0.413283,0.54816,0.405761,0.625423,0.40695,0.689255,0.440746,0.492796,0.433166,0.565583,0.432035,0.618727,0.431897,0.680974,0.480442,0.474825,0.48256,0.533826,0.489797,0.585084,0.493684,0.630896,0.514036,0.471276,0.526416,0.533396,0.548832,0.604335,0.562801,0.667961,0.541223,0.468968,0.564919,0.519141,0.580105,0.559107,0.591589,0.59766
video9.mp4,693ffacf257fb25a2eab891d5e129f4b5ac26c778992445b49e2c233c16a70e7,1280,720,12.06,189,15.667,98,8166,Right,0.46582,0.411513,0.513973,0.45387,0.55855,0.513615,0.593085,0.555817,0.627063,0.586665,0.514714,0.486472,0.530906,0.505349,0.54728,0.511544,0.563743,0.527598,0.472473,0.485174,0.475307,0.533471,0.477584,0.578924,0.476363,0.619173,0.435019,0.491286,0.419392,0.54923,0.414911,0.607636,0.410471,0.663789,0.403127,0.496061,0.369994,0.554919,0.350894,0.59993,0.333776,0.643353
video9.mp4,693ffacf257fb25a2eab891d5e129f4b5ac26c778992445b49e2c233c16a70e7,1280,720,12.06,189,15.667,99,8250,Right,0.457057,0.405996,0.509167,0.455963,0.547108,0.551472,0.560043,0.642295,0.56581,0.718835,0.513364,0.497081,0.524168,0.56662,0.52878,0.61188,0.532574,0.66308,0.471482,0.493037,0.476266,0.557613,0.482129,0.627021,0.486596,0.690769,0.429377,0.491927,0.421757,0.550624,0.422874,0.612468,0.423081,0.669151,0.392032,0.490648,0.370445,0.541805,0.361351,0.581983,0.354653,0.627936
video9.mp4,693ffacf257fb25a2eab891d5e129f4b5ac26c778992445b49e2c233c16a70e7,1280,720,12.06,189,15.667,100,8333,Right,0.464967,0.416847,0.504149,0.477941,0.517258,0.581535,0.510505,0.665636,0.495317,0.712685,0.510291,0.503528,0.528897,0.530166,0.544105,0.547403,0.562325,0.567779,0.476843,0.490089,0.48292,0.54581,0.487594,0.610084,0.48956,0.659536,0.438934,0.485548,0.421489,0.548215,0.414138,0.616994,0.409071,0.6736,0.403722,0.485864,0.369759,0.547391,0.348812,0.602057,0.329972,0.652614
video9.mp4,693ffacf257fb25a2eab891d5e129f4b5ac26c778992445b49e2c233c16a70e7,1280,720,12.06,189,15.667,101,8416,Right,0.463477,0.421351,0.490549,0.509872,0.486218,0.62624,0.453883,0.691603,0.413002,0.679613,0.505578,0.52099,0.514952,0.591719,0.513534,0.640101,0.508865,0.686208,0.478897,0.494299,0.485937,0.549886,0.489361,0.617348,0.488297,0.663383,0.447096,0.477847,0.432252,0.548306,0.424147,0.622273,0.417817,0.675293,0.413182,0.475743,0.370773,0.545566,0.343775,0.598489,0.321251,0.639572
video9.mp4,693ffacf257fb25a2eab891d5e129f4b5ac26c778992445b49e2c233c16a70e7,1280,720,12.06,189,15.667,102,8500,Right,0.458221,0.418395,0.4881,0.500241,0.490844,0.606778,0.465135,0.680083,0.432935,0.681355,0.517445,0.517837,0.546238,0.584757,0.564463,0.643778,0.57424,0.693041,0.483435,0.497675,0.495625,0.552904,0.501136,0.628723,0.500286,0.680837,0.442345,0.485566,0.433657,0.543725,0.42769,0.616926,0.422532,0.670051,0.401029,0.486667,0.365074,0.551379,0.342061,0.603827,0.323255,0.643145
video9.mp4,693ffacf257fb25a2eab891d5e129f4b5ac26c778992445b49e2c233c16a70e7,1280,720,12.06,189,15.667,103,8583,Right,0.451718,0.413128,0.487719,0.498646,0.499832,0.598379,0.485826,0.669975,0.457433,0.676401,0.517297,0.518277,0.551461,0.587419,0.573752,0.648362,0.58664,0.700936,0.484441,0.494041,0.518631,0.552107,0.540924,0.625872,0.550835,0.682708,0.442612,0.475825,0.442023,0.548296,0.435812,0.627862,0.426545,0.687789,0.39808,0.470449,0.368647,0.542139,0.348017,0.599438,0.328377,0.645678
video9.mp4,693ffacf257fb25a2eab891d5e129f4b5ac26c778992445b49e2c233c16a70e7,1280,720,12.06,189,15.667,104,8666,Right,0.456597,0.432271,0.494488,0.512754,0.503914,0.610777,0.479306,0.673138,0.449503,0.668106,0.519594,0.531441,0.549284,0.602686,0.57325,0.655283,0.588248,0.703588,0.485978,0.499322,0.504118,0.548422,0.52588,0.618736,0.53684,0.677401,0.445607,0.475916,0.427782,0.555846,0.429896,0.633195,0.431683,0.696177,0.402246,0.467963,0.364327,0.542507,0.344132,0.591494,0.326687,0.629818
video9.mp4,693ffacf257fb25a2eab891d5e129f4b5ac26c778992445b49e2c233c16a70e7,1280,720,12.06,189,15.667,105,8750,Right,0.449163,0.437423,0.490607,0.5054,0.50744,0.594668,0.491174,0.65775,0.460154,0.659477,0.501945,0.528444,0.514866,0.592698,0.521964,0.639881,0.525715,0.688047,0.473937,0.500454,0.497897,0.563012,0.519412,0.63717,0.529083,0.697326,0.44001,0.483391,0.443798,0.559788,0.457179,0.642528,0.466415,0.713269,0.401527,0.482527,0.37219,0.557489,0.359785,0.611514,0.348738,0.657748
video9.mp4,693ffacf257fb25a2eab891d5e129f4b5ac26c778992445b49e2c233c16a70e7,1280,720,12.06,189,15.667,106,8833,Right,0.46256,0.388486,0.490982,0.45647,0.511179,0.535472,0.520698,0.611878,0.526135,0.67453,0.476999,0.490818,0.483909,0.5539,0.492528,0.624748,0.496823,0.691909,0.435411,0.483994,0.427621,0.549997,0.421953,0.615063,0.420398,0.670162,0.404774,0.494243,0.396372,0.565613,0.395046,0.623643,0.40114,0.675529,0.386841,0.515662,0.356471,0.561733,0.341132,0.604822,0.334264,0.65176
video9.mp4,693ffacf257fb25a2eab891d5e129f4b5ac26c778992445b49e2c233c16a70e7,1280,720,12.06,189,15.667,107,8916,Right,0.486005,0.432932,0.450364,0.469791,0.427023,0.519876,0.420226,0.560324,0.423537,0.593678,0.42576,0.515614,0.42,0.524765,0.41952,0.5441,0.420926,0.569221,0.465823,0.524873,0.499716,0.503829,0.52271,0.51032,0.540553,0.516067,0.503987,0.526604,0.536619,0.509061,0.555248,0.514762,0.569146,0.520127,0.535509,0.522134,0.563921,0.515532,0.579413,0.521172,0.5914,0.531004
video9.mp4,693ffacf257fb25a2eab891d5e129f4b5ac26c778992445b49e2c233c16a70e7,1280,720,12.06,189,15.667,108,9000,Left,0.502013,0.491304,0.462729,0.511261,0.43245,0.527673,0.410186,0.533366,0.392821,0.524725,0.469948,0.476663,0.481677,0.506298,0.490783,0.539366,0.495362,0.568611,0.508076,0.468448,0.539811,0.526316,0.558873,0.581466,0.57094,0.623979,0.53705,0.475212,0.570417,0.535763,0.587676,0.595847,0.5981,0.641243,0.554806,0.48638,0.58069,0.527543,0.594936,0.567193,0.604616,0.601654
video9.mp4,693ffacf257fb25a2eab891d5e129f4b5ac26c778992445b49e2c233c16a70e7,1280,720,12.06,189,15.667,109,9083,Right,0.47086,0.440757,0.51093,0.498456,0.546828,0.563113,0.573671,0.623088,0.588667,0.647579,0.528708,0.551219,0.56142,0.590077,0.576981,0.633811,0.590175,0.66939,0.489945,0.530118,0.511484,0.56615,0.519552,0.593991,0.529023,0.610754,0.450189,0.50706,0.454188,0.531556,0.459548,0.545663,0.463665,0.562036,0.413696,0.489782,0.401647,0.502558,0.40229,0.508308,0.401803,0.508757
video9.mp4,693ffacf257fb25a2eab891d5e129f4b5ac26c778992445b49e2c233c16a70e7,1280,720,12.06,189,15.667,110,9166,Left,0.474663,0.412273,0.441537,0.441524,0.42142,0.472815,0.398984,0.497497,0.374322,0.513033,0.476258,0.515676,0.487765,0.605454,0.493387,0.662122,0.496321,0.71365,0.5128,0.506675,0.546455,0.580688,0.564519,0.637211,0.578377,0.689072,0.536085,0.498062,0.568911,0.567629,0.586598,0.625984,0.599138,0.676696,0.548136,0.493503,0.576657,0.547087,0.593094,0.586829,0.604684,0.624567
video9.mp4,693ffacf257fb25a2eab891d5e129f4b5ac26c778992445b49e2c233c16a70e7,1280,720,12.06,189,15.667,111,9250,Left,0.463382,0.434435,0.431703,0.479139,0.423879,0.540213,0.412996,0.592954,0.388014,0.631607,0.455656,0.514448,0.433789,0.565646,0.420323,0.598607,0.408618,0.637331,0.496948,0.494989,0.515106,0.524286,0.531011,0.566755,0.542643,0.608949,0.528119,0.483529,0.559412,0.520377,0.580479,0.568761,0.595877,0.609375,0.545282,0.483393,0.580757,0.51529,0.603573,0.544749,0.624838,0.57333
video9.mp4,693ffacf257fb25a2eab891d5e129f4b5ac26c778992445b49e2c233c16a70e7,1280,720,12.06,189,15.667,112,9333,Left,0.46352,0.4226,0.429318,0.462325,0.407957,0.508673,0.379513,0.533528,0.341101,0.522925,0.4648,0.513769,0.47507,0.591856,0.483864,0.648103,0.492009,0.702673,0.505491,0.493791,0.533184,0.521587,0.550575,0.557288,0.564259,0.593138,0.534097,0.483801,0.575482,0.512974,0.601216,0.555618,0.621041,0.596112,0.550229,0.485142,0.590258,0.518875,0.613408,0.548004,0.631789,0.581066
video9.mp4,693ffacf257fb25a2eab891d5e129f4b5ac26c778992445b49e2c233c16a70e7,1280,720,12.06,189,15.667,113,9416,Left,0.461277,0.432452,0.426414,0.47086,0.399699,0.522697,0.371938,0.549132,0.335276,0.555818,0.43506,0.507705,0.405027,0.576455,0.387646,0.613495,0.371328,0.648322,0.476311,0.492083,0.478252,0.577199,0.485043,0.647784,0.490083,0.7096,0.509951,0.477805,0.540635,0.53988,0.55406,0.573274,0.564141,0.600976,0.533316,0.471317,0.577401,0.506887,0.605331,0.528068,0.630852,0.552868
video9.mp4,693ffacf257fb25a2eab891d5e129f4b5ac26c778992445b49e2c233c16a70e7,1280,720,12.06,189,15.667,114,9500,Left,0.457259,0.416397,0.420829,0.481427,0.401447,0.576158,0.390784,0.650327,0.369877,0.687226,0.423222,0.521304,0.402235,0.588342,0.392746,0.638553,0.383684,0.685121,0.464922,0.506915,0.471557,0.57875,0.481834,0.641874,0.490547,0.69574,0.503684,0.490163,0.534961,0.538023,0.555162,0.573274,0.57069,0.601812,0.535815,0.471337,0.579233,0.508638,0.605574,0.538579,0.62752,0.569482
video9.mp4,693ffacf257fb25a2eab891d5e129f4b5ac26c778992445b49e2c233c16a70e7,1280,720,12.06,189,15.667,115,9583,Left,0.459209,0.41413,0.417428,0.472614,0.396738,0.571508,0.387882,0.64699,0.374105,0.687123,0.420029,0.512244,0.402056,0.579178,0.392002,0.634419,0.382726,0.690357,0.465531,0.49855,0.472518,0.563739,0.481567,0.628702,0.4898,0.681153,0.508063,0.488322,0.53338,0.5315,0.550113,0.560874,0.562281,0.580551,0.54422,0.479091,0.585137,0.527781,0.610025,0.566587,0.628793,0.601356
video9.mp4,693ffacf257fb25a2eab891d5e129f4b5ac26c778992445b49e2c233c16a70e7,1280,720,12.06,189,15.667,116,9666,Left,0.456621,0.407727,0.417519,0.478987,0.39904,0.579678,0.39062,0.658655,0.377823,0.702438,0.422802,0.51045,0.405418,0.57398,0.394631,0.629184,0.384767,0.688464,0.466332,0.492336,0.474378,0.561924,0.482884,0.6311,0.491562,0.693746,0.506146,0.48043,0.540355,0.537434,0.566266,0.583943,0.587183,0.619919,0.540689,0.470904,0.583789,0.52509,0.609969,0.561558,0.631206,0.594284
video9.mp4,693ffacf257fb25a2eab891d5e129f4b5ac26c778992445b49e2c233c16a70e7,1280,720,12.06,189,15.667,117,9750,Left,0.461752,0.416292,0.419248,0.473117,0.403078,0.563744,0.395317,0.643135,0.379839,0.697045,0.430297,0.505924,0.408022,0.572714,0.395858,0.63093,0.384497,0.689981,0.474167,0.4938,0.480536,0.570267,0.486852,0.640432,0.491744,0.702904,0.513945,0.483798,0.550222,0.530693,0.573699,0.574832,0.590599,0.612029,0.546298,0.47465,0.589088,0.522162,0.615091,0.556762,0.63792,0.592166
video9.mp4,693ffacf257fb25a2eab891d5e129f4b5ac26c778992445b49e2c233c16a70e7,1280,720,12.06,189,15.667,118,9833,Left,0.45911,0.418411,0.41746,0.481245,0.398953,0.568343,0.390214,0.644011,0.374356,0.69136,0.42676,0.515644,0.407656,0.581905,0.395642,0.638653,0.384441,0.696784,0.47093,0.502781,0.480351,0.581106,0.487508,0.652355,0.493183,0.714449,0.509968,0.489621,0.55253,0.536487,0.582152,0.575027,0.604333,0.608433,0.53994,0.476385,0.58531,0.519642,0.614737,0.548032,0.640732,0.57836
video9.mp4,693ffacf257fb25a2eab891d5e129f4b5ac26c778992445b49e2c233c16a70e7,1280,720,12.06,189,15.667,119,9916,Right,0.459321,0.427794,0.415008,0.479015,0.392887,0.548752,0.374574,0.611846,0.357118,0.662989,0.428303,0.526147,0.408272,0.592345,0.394587,0.644687,0.382189,0.694785,0.47101,0.517283,0.477345,0.602452,0.481578,0.666425,0.485665,0.716891,0.509291,0.50309,0.549497,0.545037,0.577632,0.575331,0.598372,0.5986,0.540064,0.484328,0.584319,0.52047,0.612017,0.535588,0.636286,0.551761
video9.mp4,693ffacf257fb25a2eab891d5e129f4b5ac26c778992445b49e2c233c16a70e7,1280,720,12.06,189,15.667,120,10000,Left,0.46435,0.416162,0.517935,0.450155,0.568941,0.508165,0.606088,0.548173,0.639159,0.585746,0.518372,0.530443,0.534391,0.586632,0.551663,0.590651,0.573743,0.600535,0.474866,0.52706,0.476654,0.607512,0.483406,0.663977,0.489405,0.722711,0.433843,0.517476,0.412391,0.590877,0.399391,0.64679,0.388065,0.704402,0.398105,0.495599,0.36389,0.560001,0.335863,0.60533,0.308821,0.651864
video9.mp4,693ffacf257fb25a2eab891d5e129f4b5ac26c778992445b49e2c233c16a70e7,1280,720,12.06,189,15.667,121,10083,Right,0.460782,0.422115,0.525743,0.455056,0.575755,0.530449,0.598203,0.603861,0.605475,0.671446,0.521021,0.515375,0.532568,0.553473,0.544055,0.56406,0.561027,0.588683,0.469902,0.514065,0.466855,0.565924,0.466979,0.60211,0.466185,0.639439,0.422648,0.517547,0.407115,0.575994,0.403147,0.629758,0.399794,0.683911,0.382958,0.514396,0.350462,0.570664,0.330375,0.611212,0.311986,0.657151
video9.mp4,693ffacf257fb25a2eab891d5e129f4b5ac26c778992445b49e2c233c16a70e7,1280,720,12.06,189,15.667,122,10166,Left,0.463521,0.417564,0.514766,0.459671,0.567463,0.519141,0.607446,0.560133,0.640193,0.597546,0.522823,0.553444,0.542146,0.615609,0.555807,0.658448,0.567043,0.704866,0.476204,0.556057,0.477264,0.625731,0.479252,0.678737,0.476447,0.730079,0.433462,0.549825,0.414586,0.610905,0.406631,0.660243,0.398294,0.710935,0.396493,0.529296,0.362048,0.579179,0.335224,0.612199,0.308449,0.648604
video9.mp4,693ffacf257fb25a2eab891d5e129f4b5ac26c778992445b49e2c233c16a70e7,1280,720,12.06,189,15.667,123,10250,Left,0.465223,0.398414,0.519429,0.452536,0.567847,0.509688,0.601852,0.555546,0.62676,0.606267,0.532245,0.52704,0.550544,0.599013,0.563879,0.659927,0.575965,0.710406,0.489748,0.521024,0.502104,0.595697,0.508128,0.661215,0.513456,0.718188,0.449171,0.512321,0.444085,0.576607,0.438908,0.632276,0.438957,0.68599,0.41168,0.494555,0.396764,0.544247,0.391182,0.586193,0.389067,0.630688
video9.mp4,693ffacf257fb25a2eab891d5e129f4b5ac26c778992445b49e2c233c16a70e7,1280,720,12.06,189,15.667,124,10333,Right,0.462787,0.40302,0.518161,0.447075,0.565682,0.514444,0.600228,0.569332,0.625262,0.616288,0.545157,0.515109,0.568246,0.583151,0.579019,0.625771,0.58856,0.672641,0.505563,0.511726,0.538975,0.592532,0.557358,0.651729,0.57333,0.703776,0.459465,0.505723,0.476303,0.589162,0.486423,0.645193,0.498458,0.695877,0.41038,0.494179,0.3975,0.553698,0.392198,0.588891,0.390242,0.623338
video9.mp4,693ffacf257fb25a2eab891d5e129f4b5ac26c778992445b49e2c233c16a70e7,1280,720,12.06,189,15.667,125,10416,Right,0.46316,0.412637,0.512898,0.472265,0.561939,0.536784,0.594981,0.574834,0.621532,0.605671,0.532589,0.472293,0.537762,0.523512,0.534032,0.553802,0.535418,0.586912,0.492778,0.455025,0.498536,0.501704,0.496107,0.538238,0.49042,0.56456,0.454414,0.453999,0.43995,0.509535,0.42979,0.555502,0.420351,0.590332,0.418499,0.463791,0.39123,0.527719,0.371659,0.551805,0.355148,0.572343
video9.mp4,693ffacf257fb25a2eab891d5e129f4b5ac26c778992445b49e2c233c16a70e7,1280,720,12.06,189,15.667,126,10500,Right,0.457217,0.420133,0.503459,0.507836,0.545934,0.596765,0.571845,0.66595,0.597714,0.725319,0.538387,0.487536,0.565295,0.520973,0.581932,0.549054,0.597027,0.572322,0.499547,0.46133,0.51506,0.490564,0.51843,0.532893,0.515418,0.563503,0.456602,0.454888,0.446754,0.504543,0.435731,0.559499,0.426759,0.601055,0.413386,0.464508,0.386563,0.529754,0.36682,0.562412,0.350554,0.587263
video9.mp4,693ffacf257fb25a2eab891d5e129f4b5ac26c778992445b49e2c233c16a70e7,1280,720,12.06,189,15.667,127,10583,Right,0.451409,0.424612,0.482372,0.50711,0.495901,0.59404,0.479665,0.661942,0.452862,0.698464,0.530526,0.509592,0.566421,0.55837,0.586964,0.598736,0.600192,0.629978,0.506332,0.476637,0.524559,0.552809,0.534861,0.63143,0.535535,0.691962,0.471614,0.460275,0.438464,0.547304,0.42649,0.613051,0.419036,0.664957,0.430938,0.461942,0.386376,0.528259,0.367397,0.576118,0.356461,0.619181
video9.mp4,693ffacf257fb25a2eab891d5e129f4b5ac26c778992445b49e2c233c16a70e7,1280,720,12.06,189,15.667,128,10666,Right,0.453041,0.454004,0.471059,0.557505,0.482986,0.647313,0.464358,0.697184,0.442852,0.680214,0.528123,0.534667,0.570657,0.56718,0.60108,0.594626,0.621239,0.621355,0.508888,0.493003,0.525194,0.541281,0.539211,0.612276,0.53955,0.671114,0.478898,0.467231,0.445689,0.542079,0.433498,0.604354,0.426101,0.653357,0.44519,0.47062,0.39919,0.552376,0.375789,0.592575,0.366473,0.625722
video9.mp4,693ffacf257fb25a2eab891d5e129f4b5ac26c778992445b49e2c233c16a70e7,1280,720,12.06,189,15.667,129,10750,Right,0.450666,0.501774,0.498161,0.591378,0.53518,0.646144,0.560786,0.67958,0.582338,0.706789,0.529165,0.530487,0.574466,0.552294,0.607903,0.578831,0.632865,0.606345,0.494883,0.501742,0.523238,0.485256,0.538969,0.533245,0.543857,0.589154,0.454933,0.491628,0.440181,0.51249,0.440845,0.576715,0.438358,0.632816,0.412688,0.509222,0.382368,0.57057,0.368257,0.629275,0.36173,0.674499
video9.mp4,693ffacf257fb25a2eab891d5e129f4b5ac26c778992445b49e2c233c16a70e7,1280,720,12.06,189,15.667,130,10833,Right,0.43942,0.50571,0.477277,0.583584,0.511404,0.651872,0.524614,0.704385,0.518929,0.733402,0.52633,0.534918,0.571387,0.538551,0.606944,0.572354,0.6284,0.60884,0.493978,0.490227,0.515986,0.479768,0.540323,0.534661,0.547682,0.589501,0.455514,0.467011,0.428354,0.530203,0.419364,0.617424,0.406414,0.686036,0.41732,0.467427,0.392577,0.553747,0.378236,0.623187,0.362434,0.67147
video9.mp4,693ffacf257fb25a2eab891d5e129f4b5ac26c778992445b49e2c233c16a70e7,1280,720,12.06,189,15.667,131,10916,Left,0.517927,0.494785,0.485114,0.564846,0.460102,0.643546,0.454286,0.695504,0.434933,0.690367,0.454734,0.530609,0.428156,0.545923,0.412275,0.604094,0.401233,0.652884,0.468886,0.501893,0.449325,0.508756,0.442209,0.590168,0.43813,0.654881,0.498586,0.49024,0.511568,0.504191,0.530039,0.576455,0.540082,0.628527,0.534823,0.501566,0.565473,0.535075,0.590165,0.577609,0.608899,0.603671
video9.mp4,693ffacf257fb25a2eab891d5e129f4b5ac26c778992445b49e2c233c16a70e7,1280,720,12.06,189,15.667,132,11000,Left,0.472019,0.428993,0.513247,0.509684,0.534092,0.605094,0.545379,0.67077,0.555162,0.722019,0.499531,0.54417,0.500261,0.609475,0.498247,0.657791,0.492435,0.699377,0.460412,0.522342,0.45552,0.590208,0.450232,0.632085,0.441208,0.658359,0.423961,0.506604,0.404245,0.56391,0.387528,0.62627,0.37006,0.679279,0.396794,0.490436,0.357432,0.509424,0.329665,0.530401,0.301989,0.554986
video9.mp4,693ffacf257fb25a2eab891d5e129f4b5ac26c778992445b49e2c233c16a70e7,1280,720,12.06,189,15.667,133,11083,Right,0.467001,0.424684,0.509532,0.462984,0.554703,0.503882,0.595967,0.535773,0.630683,0.563328,0.517785,0.497612,0.541469,0.573266,0.554045,0.642542,0.561981,0.690999,0.473163,0.494934,0.468407,0.58176,0.469813,0.65365,0.470109,0.700123,0.434951,0.487898,0.416935,0.553136,0.407115,0.620639,0.399047,0.67121,0.404824,0.471803,0.371268,0.494108,0.350215,0.526826,0.330863,0.558647
video9.mp4,693ffacf257fb25a2eab891d5e129f4b5ac26c778992445b49e2c233c16a70e7,1280,720,12.06,189,15.667,134,11166,Left,0.461688,0.406518,0.506526,0.457007,0.552583,0.508231,0.595452,0.539049,0.631793,0.571499,0.518946,0.535564,0.536087,0.604618,0.547367,0.657675,0.555001,0.690535,0.482179,0.527196,0.496487,0.608019,0.500849,0.663649,0.50217,0.69449,0.44705,0.511776,0.443347,0.577698,0.441254,0.62755,0.443018,0.66581,0.413312,0.486345,0.392802,0.530396,0.38281,0.566313,0.378362,0.599502
video9.mp4,693ffacf257fb25a2eab891d5e129f4b5ac26c778992445b49e2c233c16a70e7,1280,720,12.06,189,15.667,135,11250,Right,0.459313,0.416965,0.50354,0.460866,0.546966,0.511005,0.583283,0.54323,0.614759,0.572629,0.533058,0.492807,0.57163,0.515724,0.595396,0.55718,0.615096,0.587325,0.495935,0.491368,0.516849,0.569879,0.523754,0.643885,0.526265,0.696571,0.453887,0.493077,0.458773,0.560911,0.460613,0.626162,0.463915,0.684248,0.410629,0.492597,0.401334,0.560325,0.39732,0.619377,0.396203,0.678995
video9.mp4,693ffacf257fb25a2eab891d5e129f4b5ac26c778992445b49e2c233c16a70e7,1280,720,12.06,189,15.667,136,11333,Right,0.456255,0.450396,0.494127,0.520215,0.512506,0.604692,0.500891,0.660523,0.479011,0.679271,0.51904,0.52638,0.530232,0.568432,0.528574,0.593521,0.530217,0.630703,0.488062,0.483681,0.505102,0.514906,0.514965,0.562714,0.518381,0.61026,0.452065,0.464198,0.447494,0.525254,0.451815,0.598945,0.454692,0.668435,0.411276,0.469207,0.388168,0.549125,0.380563,0.603361,0.378148,0.656716
video9.mp4,693ffacf257fb25a2eab891d5e129f4b5ac26c778992445b49e2c233c16a70e7,1280,720,12.06,189,15.667,137,11416,Right,0.494397,0.536715,0.524149,0.588494,0.531332,0.606242,0.512436,0.615006,0.476982,0.603991,0.467102,0.491791,0.418113,0.542888,0.391058,0.595992,0.375319,0.658224,0.442891,0.470545,0.402519,0.520672,0.397479,0.606967,0.397492,0.682673,0.436479,0.472956,0.411687,0.540632,0.413905,0.621856,0.41901,0.687673,0.441233,0.498764,0.42349,0.560401,0.416991,0.609074,0.41549,0.649741
video9.mp4,693ffacf257fb25a2eab891d5e129f4b5ac26c778992445b49e2c233c16a70e7,1280,720,12.06,189,15.667,138,11500,Right,0.441645,0.479384,0.495884,0.534874,0.532426,0.600354,0.540067,0.664751,0.523242,0.699879,0.496149,0.472019,0.512274,0.490672,0.537065,0.534524,0.560979,0.585744,0.449239,0.460822,0.448463,0.517961,0.446602,0.595171,0.451229,0.663504,0.406537,0.476859,0.401471,0.541861,0.395516,0.62445,0.404609,0.694743,0.377815,0.507663,0.355448,0.552046,0.345397,0.599299,0.349904,0.648889
video9.mp4,693ffacf257fb25a2eab891d5e129f4b5ac26c778992445b49e2c233c16a70e7,1280,720,12.06,189,15.667,139,11583,Right,0.444497,0.487392,0.457521,0.570183,0.473443,0.655877,0.481773,0.713925,0.469723,0.715933,0.48439,0.51707,0.505022,0.589092,0.499629,0.660563,0.492249,0.724012,0.460815,0.484362,0.470597,0.554334,0.463454,0.636299,0.462731,0.695037,0.435686,0.470232,0.4374,0.509328,0.437092,0.603337,0.441307,0.679974,0.408509,0.473957,0.387882,0.501245,0.38045,0.56036,0.379568,0.610881
video9.mp4,693ffacf257fb25a2eab891d5e129f4b5ac26c778992445b49e2c233c16a70e7,1280,720,12.06,189,15.667,140,11666,None,0.0,0.0,0.0,0.0,0.0,0.0,0.0,0.0,0.0,0.0,0.0,0.0,0.0,0.0,0.0,0.0,0.0,0.0,0.0,0.0,0.0,0.0,0.0,0.0,0.0,0.0,0.0,0.0,0.0,0.0,0.0,0.0,0.0,0.0,0.0,0.0,0.0,0.0,0.0,0.0,0.0,0.0
video9.mp4,693ffacf257fb25a2eab891d5e129f4b5ac26c778992445b49e2c233c16a70e7,1280,720,12.06,189,15.667,141,11750,Right,0.448106,0.480825,0.50057,0.526493,0.537246,0.562065,0.564104,0.607896,0.58757,0.633296,0.513303,0.485789,0.541678,0.540727,0.56705,0.603311,0.583179,0.661482,0.463338,0.468878,0.489523,0.524405,0.508716,0.588154,0.521265,0.656601,0.41774,0.476216,0.415765,0.517168,0.416553,0.57419,0.424504,0.636253,0.380995,0.499341,0.349447,0.524408,0.330824,0.563454,0.323499,0.615676
video9.mp4,693ffacf257fb25a2eab891d5e129f4b5ac26c778992445b49e2c233c16a70e7,1280,720,12.06,189,15.667,142,11833,Right,0.407498,0.501007,0.455632,0.564327,0.485483,0.631876,0.484518,0.706006,0.461687,0.731103,0.503062,0.489398,0.56065,0.530083,0.596609,0.576913,0.6251,0.62094,0.466409,0.467292,0.503967,0.509446,0.526085,0.593533,0.5353,0.668528,0.422172,0.476543,0.412884,0.568298,0.407131,0.65461,0.401776,0.714627,0.37916,0.501289,0.353229,0.580489,0.343188,0.643889,0.337214,0.679196
video9.mp4,693ffacf257fb25a2eab891d5e129f4b5ac26c778992445b49e2c233c16a70e7,1280,720,12.06,189,15.667,143,11916,Right,0.397782,0.532876,0.443267,0.577927,0.484898,0.616714,0.506492,0.657257,0.509082,0.668338,0.502637,0.494601,0.541886,0.51875,0.56925,0.55229,0.590263,0.582781,0.477449,0.478539,0.53663,0.491383,0.577657,0.541758,0.600957,0.595952,0.443427,0.483585,0.462279,0.542095,0.471562,0.613047,0.472598,0.668033,0.40471,0.501764,0.387763,0.577615,0.380577,0.640269,0.372783,0.679506
video9.mp4,693ffacf257fb25a2eab891d5e129f4b5ac26c778992445b49e2c233c16a70e7,1280,720,12.06,189,15.667,144,12000,Right,0.41672,0.521821,0.455294,0.572443,0.483185,0.628612,0.482096,0.700379,0.454223,0.722624,0.514083,0.507473,0.565735,0.513612,0.602335,0.530295,0.62967,0.550785,0.485836,0.482202,0.535868,0.473015,0.579556,0.511828,0.610281,0.558121,0.446636,0.485037,0.442856,0.567563,0.443419,0.644934,0.440752,0.699348,0.407088,0.507238,0.384826,0.604004,0.381474,0.672133,0.379868,0.706155
video9.mp4,693ffacf257fb25a2eab891d5e129f4b5ac26c778992445b49e2c233c16a70e7,1280,720,12.06,189,15.667,145,12083,Right,0.411678,0.523571,0.460562,0.572536,0.499753,0.634543,0.516194,0.704616,0.516873,0.727401,0.513136,0.501693,0.565542,0.506154,0.602695,0.524385,0.629504,0.546244,0.480647,0.471635,0.515882,0.528634,0.528883,0.621024,0.525262,0.696969,0.439587,0.47344,0.438665,0.581512,0.431961,0.663982,0.42234,0.713425,0.399135,0.491925,0.382213,0.592377,0.376989,0.656631,0.372345,0.691509
video9.mp4,693ffacf257fb25a2eab891d5e129f4b5ac26c778992445b49e2c233c16a70e7,1280,720,12.06,189,15.667,146,12166,Right,0.406305,0.537052,0.46197,0.578943,0.503859,0.636573,0.518195,0.708065,0.506711,0.741833,0.512601,0.497801,0.569637,0.506753,0.60859,0.528324,0.638016,0.553325,0.470737,0.471133,0.509627,0.527479,0.523987,0.619277,0.525323,0.696027,0.4232,0.479967,0.421904,0.587283,0.413835,0.669244,0.405851,0.716689,0.378968,0.503818,0.357059,0.592816,0.349684,0.649176,0.345564,0.67541
video9.mp4,693ffacf257fb25a2eab891d5e129f4b5ac26c778992445b49e2c233c16a70e7,1280,720,12.06,189,15.667,147,12250,Right,0.471581,0.468961,0.46946,0.549313,0.467243,0.642366,0.466345,0.695856,0.452182,0.709652,0.487669,0.521567,0.52168,0.54266,0.552773,0.549364,0.576331,0.558949,0.474918,0.479141,0.491738,0.561161,0.497345,0.646109,0.497431,0.711749,0.458139,0.460788,0.467539,0.529988,0.471081,0.60933,0.473023,0.672874,0.441405,0.453817,0.431522,0.510359,0.426901,0.563731,0.421911,0.607426
video9.mp4,693ffacf257fb25a2eab891d5e129f4b5ac26c778992445b49e2c233c16a70e7,1280,720,12.06,189,15.667,148,12333,Right,0.450038,0.442732,0.476422,0.529009,0.495218,0.609519,0.508649,0.662709,0.510207,0.677543,0.503126,0.556836,0.532401,0.622895,0.543098,0.68183,0.540907,0.705211,0.473793,0.519984,0.47862,0.57489,0.476951,0.64862,0.466795,0.687989,0.441591,0.491923,0.430761,0.547591,0.421808,0.623569,0.410574,0.680455,0.409141,0.47218,0.389815,0.513549,0.379308,0.559116,0.368736,0.601131
video9.mp4,693ffacf257fb25a2eab891d5e129f4b5ac26c778992445b49e2c233c16a70e7,1280,720,12.06,189,15.667,149,12416,Right,0.458013,0.437484,0.484272,0.516093,0.494448,0.600836,0.483724,0.645878,0.464707,0.661088,0.506517,0.523858,0.514591,0.589335,0.514057,0.637583,0.508365,0.677812,0.48213,0.491823,0.492069,0.549921,0.499413,0.618727,0.498794,0.672529,0.452651,0.474136,0.43697,0.545071,0.431864,0.611471,0.428165,0.662065,0.417934,0.47142,0.39456,0.547486,0.388175,0.604282,0.387092,0.649723
video9.mp4,693ffacf257fb25a2eab891d5e129f4b5ac26c778992445b49e2c233c16a70e7,1280,720,12.06,189,15.667,150,12500,Left,0.483906,0.524095,0.469866,0.577979,0.458006,0.629506,0.456822,0.646957,0.462063,0.610926,0.433165,0.50991,0.398477,0.521898,0.388485,0.561311,0.378725,0.605163,0.456655,0.47651,0.430251,0.480128,0.431956,0.518142,0.430083,0.552167,0.484297,0.464412,0.474433,0.501677,0.481535,0.561848,0.485243,0.614135,0.51046,0.471906,0.514942,0.521372,0.520388,0.571376,0.523482,0.612257
video9.mp4,693ffacf257fb25a2eab891d5e129f4b5ac26c778992445b49e2c233c16a70e7,1280,720,12.06,189,15.667,151,12583,Right,0.462053,0.419543,0.519231,0.463493,0.56845,0.533564,0.59948,0.593183,0.629004,0.644361,0.519655,0.522909,0.52695,0.571703,0.53374,0.582861,0.543159,0.596537,0.475389,0.51031,0.474145,0.574871,0.472069,0.624369,0.469881,0.664434,0.435857,0.507896,0.42343,0.580153,0.411369,0.641986,0.401324,0.696357,0.404123,0.503436,0.391379,0.570519,0.38621,0.617974,0.380623,0.66274
video9.mp4,693ffacf257fb25a2eab891d5e129f4b5ac26c778992445b49e2c233c16a70e7,1280,720,12.06,189,15.667,152,12666,Right,0.458749,0.407575,0.506836,0.445008,0.559702,0.504511,0.604652,0.550554,0.642823,0.587759,0.522946,0.509699,0.543806,0.586844,0.555633,0.647261,0.56298,0.705564,0.486121,0.50806,0.505553,0.575338,0.51256,0.63569,0.514082,0.691255,0.446735,0.504796,0.446778,0.579589,0.436734,0.639551,0.427674,0.692234,0.408479,0.499236,0.398746,0.564446,0.390989,0.610921,0.382754,0.659403
video9.mp4,693ffacf257fb25a2eab891d5e129f4b5ac26c778992445b49e2c233c16a70e7,1280,720,12.06,189,15.667,153,12750,Right,0.466646,0.396024,0.517696,0.445692,0.568838,0.503861,0.609041,0.554641,0.641024,0.60041,0.537309,0.48596,0.577208,0.527708,0.60501,0.562969,0.6284,0.594187,0.503441,0.491218,0.526584,0.573797,0.539624,0.648246,0.545631,0.706312,0.463321,0.492876,0.473009,0.568669,0.474835,0.613391,0.476034,0.644853,0.422877,0.485452,0.407937,0.539916,0.39928,0.576591,0.391984,0.605721
video9.mp4,693ffacf257fb25a2eab891d5e129f4b5ac26c778992445b49e2c233c16a70e7,1280,720,12.06,189,15.667,154,12833,Right,0.458175,0.409517,0.509528,0.458388,0.561014,0.517074,0.600887,0.560801,0.635725,0.595741,0.532567,0.489314,0.574913,0.536713,0.603446,0.56796,0.627064,0.594903,0.497115,0.491179,0.520135,0.573979,0.538232,0.647296,0.549562,0.702849,0.457299,0.493117,0.466075,0.564372,0.469774,0.609801,0.472782,0.642291,0.417401,0.491614,0.401905,0.545055,0.388229,0.578765,0.375272,0.60366
video9.mp4,693ffacf257fb25a2eab891d5e129f4b5ac26c778992445b49e2c233c16a70e7,1280,720,12.06,189,15.667,155,12916,Right,0.464407,0.439973,0.518782,0.494773,0.557751,0.571996,0.57508,0.631693,0.575945,0.665467,0.535917,0.523197,0.551882,0.569336,0.56666,0.584305,0.582914,0.601986,0.49181,0.498245,0.500035,0.544218,0.511509,0.584053,0.516339,0.61619,0.446875,0.490831,0.422633,0.558977,0.414123,0.619658,0.406057,0.674694,0.40483,0.494358,0.372734,0.560085,0.355449,0.590762,0.340675,0.62008
video9.mp4,693ffacf257fb25a2eab891d5e129f4b5ac26c778992445b49e2c233c16a70e7,1280,720,12.06,189,15.667,156,13000,Right,0.457132,0.434896,0.51276,0.502069,0.552539,0.579765,0.579743,0.644404,0.606281,0.682168,0.529911,0.512839,0.544113,0.565487,0.560552,0.589342,0.578478,0.604081,0.484195,0.496602,0.482729,0.561618,0.48491,0.622195,0.481792,0.656544,0.438065,0.494032,0.40827,0.564428,0.398753,0.638773,0.390872,0.693218,0.397972,0.49497,0.358244,0.548178,0.336074,0.57881,0.317514,0.601603
video9.mp4,693ffacf257fb25a2eab891d5e129f4b5ac26c778992445b49e2c233c16a70e7,1280,720,12.06,189,15.667,157,13083,Right,0.458111,0.417959,0.511877,0.469759,0.559493,0.534602,0.59873,0.574372,0.636806,0.595453,0.527958,0.49521,0.545448,0.521529,0.556379,0.548453,0.566519,0.578871,0.484369,0.492253,0.491294,0.556313,0.492602,0.609256,0.487985,0.646877,0.441154,0.493134,0.421078,0.566064,0.407667,0.629734,0.396839,0.681305,0.403062,0.488259,0.368064,0.545255,0.34361,0.576193,0.321513,0.603972
video9.mp4,693ffacf257fb25a2eab891d5e129f4b5ac26c778992445b49e2c233c16a70e7,1280,720,12.06,189,15.667,158,13166,Right,0.457892,0.419078,0.509785,0.459884,0.563456,0.515185,0.606238,0.552221,0.64056,0.586001,0.517762,0.500734,0.528344,0.543722,0.533964,0.578329,0.540153,0.614379,0.476788,0.505163,0.477566,0.582108,0.475274,0.643781,0.469395,0.69105,0.439881,0.511853,0.422658,0.588194,0.409272,0.64806,0.39902,0.699396,0.408151,0.51334,0.392207,0.581296,0.38355,0.626137,0.375262,0.669247
video9.mp4,693ffacf257fb25a2eab891d5e129f4b5ac26c778992445b49e2c233c16a70e7,1280,720,12.06,189,15.667,159,13250,Right,0.456104,0.420009,0.504408,0.445827,0.555803,0.494209,0.59761,0.529519,0.636518,0.552503,0.515619,0.513348,0.533524,0.574476,0.544337,0.618815,0.552282,0.664622,0.47636,0.517519,0.480845,0.59723,0.479114,0.661479,0.4728,0.714933,0.439198,0.516675,0.429835,0.59448,0.417926,0.652605,0.407593,0.704667,0.405106,0.510244,0.394423,0.579434,0.387922,0.627553,0.381514,0.675486
video9.mp4,693ffacf257fb25a2eab891d5e129f4b5ac26c778992445b49e2c233c16a70e7,1280,720,12.06,189,15.667,160,13333,Right,0.462799,0.421026,0.508633,0.463433,0.55632,0.507989,0.598973,0.538258,0.635207,0.566814,0.52916,0.494349,0.57147,0.513992,0.601525,0.542515,0.628699,0.569526,0.491817,0.500625,0.511147,0.577815,0.516706,0.647696,0.516983,0.704181,0.450838,0.503022,0.443596,0.582408,0.430644,0.65221,0.418894,0.714807,0.410127,0.497752,0.395089,0.564316,0.385328,0.617705,0.377768,0.673249
video9.mp4,693ffacf257fb25a2eab891d5e129f4b5ac26c778992445b49e2c233c16a70e7,1280,720,12.06,189,15.667,161,13416,Right,0.454071,0.410919,0.500939,0.475159,0.540071,0.562848,0.565374,0.637182,0.582092,0.688843,0.530795,0.490446,0.57326,0.512851,0.603318,0.547304,0.628353,0.581058,0.495241,0.477117,0.517137,0.532034,0.528955,0.602381,0.532972,0.657051,0.452305,0.47796,0.451816,0.548351,0.449817,0.62538,0.448084,0.687218,0.406793,0.486995,0.392428,0.571841,0.385175,0.639762,0.378998,0.697693
video9.mp4,693ffacf257fb25a2eab891d5e129f4b5ac26c778992445b49e2c233c16a70e7,1280,720,12.06,189,15.667,162,13500,Right,0.443016,0.430022,0.497986,0.495885,0.533434,0.586769,0.544047,0.657171,0.536813,0.680073,0.530678,0.506956,0.568591,0.541065,0.596422,0.564182,0.618743,0.591882,0.489106,0.480001,0.516582,0.528023,0.532438,0.581237,0.538839,0.626414,0.442616,0.471208,0.428982,0.552316,0.419291,0.628884,0.411457,0.693852,0.396383,0.476994,0.371672,0.55873,0.353671,0.602404,0.337672,0.63815
video9.mp4,693ffacf257fb25a2eab891d5e129f4b5ac26c778992445b49e2c233c16a70e7,1280,720,12.06,189,15.667,163,13583,Right,0.435471,0.451542,0.494591,0.524344,0.528753,0.613832,0.528635,0.674911,0.523403,0.679327,0.532547,0.511586,0.570552,0.537939,0.601818,0.557675,0.627102,0.581658,0.488405,0.484242,0.509843,0.522597,0.529023,0.572417,0.533938,0.614437,0.43947,0.478684,0.420544,0.570407,0.414593,0.647771,0.406799,0.707254,0.390717,0.490672,0.354797,0.581326,0.330399,0.628342,0.310929,0.663919
video9.mp4,693ffacf257fb25a2eab891d5e129f4b5ac26c778992445b49e2c233c16a70e7,1280,720,12.06,189,15.667,164,13666,Right,0.437191,0.473096,0.499569,0.549619,0.540522,0.638587,0.549095,0.697243,0.54177,0.701998,0.533353,0.516769,0.579978,0.543334,0.611315,0.565218,0.635404,0.58973,0.490278,0.492475,0.511556,0.52441,0.526101,0.578502,0.525626,0.625864,0.441787,0.487667,0.422159,0.569813,0.417684,0.651234,0.409321,0.7134,0.392956,0.499616,0.351038,0.587673,0.329229,0.642738,0.312916,0.684363
video9.mp4,693ffacf257fb25a2eab891d5e129f4b5ac26c778992445b49e2c233c16a70e7,1280,720,12.06,189,15.667,165,13750,Right,0.427597,0.470932,0.487264,0.555057,0.535191,0.651192,0.552306,0.710801,0.544295,0.712637,0.530487,0.516428,0.577431,0.543463,0.609458,0.57063,0.634522,0.600594,0.494661,0.490435,0.526265,0.522324,0.544155,0.568329,0.544086,0.610476,0.451127,0.484507,0.437934,0.584836,0.433257,0.659203,0.424056,0.710632,0.405903,0.495846,0.375355,0.590156,0.35637,0.649344,0.339107,0.690248
video9.mp4,693ffacf257fb25a2eab891d5e129f4b5ac26c778992445b49e2c233c16a70e7,1280,720,12.06,189,15.667,166,13833,Right,0.427371,0.478057,0.489301,0.559667,0.531059,0.64331,0.536582,0.698644,0.517416,0.710926,0.531565,0.507469,0.57673,0.534799,0.608707,0.565266,0.633475,0.593202,0.495092,0.478683,0.518116,0.538398,0.531214,0.623965,0.528889,0.692799,0.451227,0.474383,0.437973,0.578986,0.436948,0.661094,0.431979,0.715974,0.407191,0.490846,0.387841,0.594353,0.376872,0.661516,0.365229,0.709053
video9.mp4,693ffacf257fb25a2eab891d5e129f4b5ac26c778992445b49e2c233c16a70e7,1280,720,12.06,189,15.667,167,13916,Right,0.413728,0.509711,0.46186,0.572635,0.493213,0.626522,0.506736,0.682612,0.507716,0.713251,0.522979,0.521456,0.575273,0.544735,0.606189,0.571534,0.628169,0.598598,0.496335,0.495372,0.528551,0.522629,0.536151,0.601647,0.533606,0.66987,0.457778,0.489124,0.444719,0.51905,0.435886,0.571217,0.427814,0.612466,0.417914,0.500029,0.389366,0.537406,0.376925,0.577382,0.370357,0.604957
video9.mp4,693ffacf257fb25a2eab891d5e129f4b5ac26c778992445b49e2c233c16a70e7,1280,720,12.06,189,15.667,168,14000,Right,0.423573,0.526607,0.471799,0.583742,0.510168,0.641699,0.53408,0.694361,0.550138,0.717045,0.520616,0.518681,0.561892,0.531776,0.593787,0.547287,0.618277,0.572403,0.490828,0.492384,0.537661,0.486284,0.573472,0.533176,0.597424,0.592085,0.453241,0.490398,0.447832,0.522338,0.450353,0.585383,0.450763,0.641615,0.416243,0.501201,0.37867,0.508894,0.361496,0.526452,0.352975,0.538585
video9.mp4,693ffacf257fb25a2eab891d5e129f4b5ac26c778992445b49e2c233c16a70e7,1280,720,12.06,189,15.667,169,14083,Right,0.41832,0.532749,0.463134,0.581285,0.486849,0.635628,0.491632,0.691293,0.486875,0.708069,0.519444,0.52193,0.567069,0.536249,0.596082,0.567249,0.618285,0.600947,0.481557,0.487498,0.503383,0.508997,0.507282,0.601318,0.505947,0.679571,0.433007,0.479682,0.420602,0.524647,0.416125,0.606342,0.411581,0.667649,0.38618,0.494755,0.362306,0.550433,0.358533,0.616287,0.359024,0.65596
video9.mp4,693ffacf257fb25a2eab891d5e129f4b5ac26c778992445b49e2c233c16a70e7,1280,720,12.06,189,15.667,170,14166,Right,0.414486,0.537529,0.464845,0.594516,0.504147,0.642693,0.531097,0.684455,0.547385,0.713797,0.5203,0.506264,0.566399,0.521065,0.598365,0.559212,0.622633,0.597199,0.484493,0.468365,0.509494,0.521153,0.517419,0.61227,0.512053,0.684943,0.43853,0.465803,0.431989,0.532505,0.423032,0.616879,0.41271,0.675528,0.392632,0.485348,0.362539,0.564203,0.351632,0.628107,0.342909,0.664758
video9.mp4,693ffacf257fb25a2eab891d5e129f4b5ac26c778992445b49e2c233c16a70e7,1280,720,12.06,189,15.667,171,14250,Right,0.397796,0.56222,0.450117,0.589583,0.497576,0.605799,0.53172,0.614452,0.556269,0.606626,0.509063,0.489113,0.555222,0.513013,0.585774,0.541608,0.610927,0.574253,0.472217,0.472806,0.501512,0.478704,0.523256,0.527693,0.535375,0.581768,0.4304,0.482076,0.424502,0.532014,0.418916,0.605568,0.415616,0.661262,0.388523,0.508861,0.360076,0.573451,0.34776,0.625363,0.339727,0.65602
video9.mp4,693ffacf257fb25a2eab891d5e129f4b5ac26c778992445b49e2c233c16a70e7,1280,720,12.06,189,15.667,172,14333,Right,0.424757,0.519309,0.459145,0.579295,0.481109,0.645059,0.484979,0.69881,0.460736,0.718129,0.510834,0.502946,0.54877,0.521681,0.577059,0.548484,0.604294,0.584142,0.475398,0.46684,0.492205,0.534925,0.496659,0.626384,0.498402,0.705004,0.430151,0.463718,0.421263,0.530141,0.406506,0.623401,0.399296,0.696373,0.385507,0.478809,0.361823,0.531032,0.350974,0.591096,0.345068,0.6367
video9.mp4,693ffacf257fb25a2eab891d5e129f4b5ac26c778992445b49e2c233c16a70e7,1280,720,12.06,189,15.667,173,14416,Right,0.449561,0.504748,0.457645,0.569619,0.465931,0.641545,0.466037,0.698752,0.447614,0.712783,0.496721,0.522045,0.530763,0.53922,0.557309,0.565777,0.577488,0.589207,0.479464,0.487997,0.479101,0.544756,0.469119,0.623196,0.462372,0.675557,0.457272,0.480438,0.460945,0.528708,0.464272,0.60109,0.464613,0.652945,0.435309,0.489567,0.440329,0.538178,0.43963,0.586676,0.43575,0.618897
video9.mp4,693ffacf257fb25a2eab891d5e129f4b5ac26c778992445b49e2c233c16a70e7,1280,720,12.06,189,15.667,174,14500,Left,0.468207,0.430436,0.513524,0.467362,0.555424,0.504261,0.589673,0.540872,0.620893,0.565794,0.512914,0.562348,0.526178,0.621175,0.524821,0.665437,0.520697,0.693109,0.462771,0.560014,0.466769,0.612849,0.462522,0.65198,0.459414,0.661544,0.417686,0.547997,0.40327,0.592459,0.391549,0.63365,0.387862,0.647994,0.380497,0.529289,0.350173,0.585412,0.334678,0.628796,0.327484,0.646258
video9.mp4,693ffacf257fb25a2eab891d5e129f4b5ac26c778992445b49e2c233c16a70e7,1280,720,12.06,189,15.667,175,14583,Right,0.460443,0.412303,0.514267,0.449476,0.564505,0.502863,0.598726,0.549141,0.622776,0.594095,0.513671,0.509209,0.526389,0.596653,0.529603,0.657559,0.528462,0.705845,0.466374,0.506074,0.462167,0.595685,0.455082,0.668577,0.447061,0.720591,0.424458,0.499146,0.407008,0.570596,0.392933,0.639292,0.380561,0.696285,0.390665,0.487885,0.359412,0.547985,0.342084,0.599317,0.325823,0.648276
video9.mp4,693ffacf257fb25a2eab891d5e129f4b5ac26c778992445b49e2c233c16a70e7,1280,720,12.06,189,15.667,176,14666,Right,0.457221,0.412239,0.510306,0.440364,0.557706,0.484683,0.590491,0.527774,0.617997,0.573352,0.507193,0.506328,0.524562,0.597968,0.536488,0.655342,0.544545,0.705584,0.459566,0.509066,0.46204,0.595546,0.46236,0.663659,0.458309,0.716611,0.417992,0.505879,0.399808,0.582276,0.39067,0.645534,0.382353,0.70225,0.384854,0.499097,0.354936,0.561976,0.334889,0.609625,0.315421,0.658347
video9.mp4,693ffacf257fb25a2eab891d5e129f4b5ac26c778992445b49e2c233c16a70e7,1280,720,12.06,189,15.667,177,14750,Right,0.460321,0.40939,0.511151,0.467864,0.552055,0.550763,0.57511,0.622319,0.598647,0.676466,0.509709,0.506028,0.527482,0.556429,0.539279,0.596691,0.549489,0.642571,0.46156,0.497191,0.461618,0.574415,0.457408,0.644341,0.451431,0.705142,0.418662,0.496023,0.401631,0.565848,0.389372,0.626989,0.379685,0.687293,0.384122,0.495454,0.35589,0.553356,0.340267,0.599539,0.325194,0.652165
video9.mp4,693ffacf257fb25a2eab891d5e129f4b5ac26c778992445b49e2c233c16a70e7,1280,720,12.06,189,15.667,178,14833,Right,0.452724,0.403761,0.506341,0.451629,0.5547,0.51098,0.592622,0.553892,0.624504,0.585557,0.506925,0.510536,0.527058,0.586562,0.540604,0.647147,0.549952,0.706698,0.461048,0.503905,0.460658,0.5795,0.455727,0.650342,0.448607,0.712435,0.418776,0.497318,0.405698,0.561437,0.394132,0.628161,0.382357,0.68993,0.385592,0.489963,0.361016,0.549033,0.345133,0.600013,0.326882,0.65365
video9.mp4,693ffacf257fb25a2eab891d5e129f4b5ac26c778992445b49e2c233c16a70e7,1280,720,12.06,189,15.667,179,14916,Left,0.447115,0.416402,0.499079,0.441191,0.54993,0.485694,0.58956,0.517024,0.626273,0.542606,0.49931,0.505815,0.526858,0.583547,0.544733,0.642311,0.557132,0.703292,0.452113,0.516206,0.457529,0.592924,0.458673,0.657467,0.454727,0.714557,0.411864,0.517696,0.397721,0.579896,0.391174,0.637829,0.383155,0.693603,0.38048,0.512638,0.356379,0.567759,0.337762,0.609201,0.317785,0.652639
video9.mp4,693ffacf257fb25a2eab891d5e129f4b5ac26c778992445b49e2c233c16a70e7,1280,720,12.06,189,15.667,180,15000,Left,0.456485,0.410179,0.510164,0.440815,0.560002,0.49772,0.592935,0.548635,0.621662,0.599785,0.508792,0.514788,0.530675,0.59457,0.546843,0.654028,0.559008,0.711173,0.459996,0.521632,0.461477,0.605813,0.460261,0.671588,0.454507,0.726775,0.417911,0.519135,0.40138,0.590791,0.391176,0.650672,0.380868,0.703619,0.384733,0.509892,0.356099,0.56883,0.336658,0.611452,0.317469,0.654155
video9.mp4,693ffacf257fb25a2eab891d5e129f4b5ac26c778992445b49e2c233c16a70e7,1280,720,12.06,189,15.667,181,15083,Left,0.45699,0.409717,0.50903,0.444186,0.557125,0.503772,0.591959,0.556244,0.623277,0.606303,0.508145,0.514931,0.529737,0.590405,0.544245,0.652492,0.55377,0.710449,0.459116,0.521186,0.459928,0.60285,0.458949,0.671784,0.453334,0.728043,0.416534,0.518133,0.3997,0.586157,0.390853,0.649074,0.38104,0.705435,0.383295,0.508769,0.354532,0.564796,0.335866,0.608916,0.317308,0.654785
video9.mp4,693ffacf257fb25a2eab891d5e129f4b5ac26c778992445b49e2c233c16a70e7,1280,720,12.06,189,15.667,182,15166,Right,0.458434,0.405796,0.510781,0.44656,0.55882,0.507383,0.592982,0.562539,0.624305,0.61284,0.506741,0.506634,0.528771,0.586966,0.542942,0.652122,0.551741,0.71132,0.456618,0.511111,0.457666,0.597028,0.456941,0.669694,0.451006,0.729688,0.414656,0.508006,0.398452,0.5771,0.390323,0.643696,0.381242,0.703057,0.382479,0.500298,0.352283,0.556277,0.334944,0.602889,0.318493,0.652735
video9.mp4,693ffacf257fb25a2eab891d5e129f4b5ac26c778992445b49e2c233c16a70e7,1280,720,12.06,189,15.667,183,15250,Right,0.461922,0.413256,0.515018,0.453459,0.560762,0.513996,0.594719,0.563603,0.626365,0.605181,0.508575,0.512962,0.528652,0.596021,0.542397,0.659462,0.55324,0.718084,0.45943,0.509131,0.45575,0.596833,0.451988,0.66624,0.445721,0.727283,0.418743,0.504182,0.400317,0.573103,0.390139,0.635535,0.380832,0.696736,0.387507,0.498187,0.355991,0.55647,0.337029,0.603292,0.318868,0.654838
video9.mp4,693ffacf257fb25a2eab891d5e129f4b5ac26c778992445b49e2c233c16a70e7,1280,720,12.06,189,15.667,184,15333,Right,0.45895,0.412173,0.510703,0.448923,0.557928,0.508063,0.592805,0.560807,0.624253,0.609252,0.507614,0.50763,0.527868,0.586362,0.541559,0.653688,0.550546,0.71709,0.458228,0.508931,0.455826,0.593243,0.453315,0.666504,0.446376,0.728424,0.416163,0.506828,0.398368,0.573593,0.388963,0.640721,0.378723,0.702336,0.382948,0.501237,0.352263,0.555449,0.33463,0.603141,0.317273,0.653603
video9.mp4,693ffacf257fb25a2eab891d5e129f4b5ac26c778992445b49e2c233c16a70e7,1280,720,12.06,189,15.667,185,15416,Right,0.461862,0.402846,0.514934,0.447857,0.562134,0.512977,0.598886,0.563857,0.630412,0.60612,0.50917,0.499864,0.529962,0.579183,0.543255,0.6457,0.552806,0.710991,0.459094,0.497065,0.457344,0.585265,0.45368,0.657124,0.446887,0.721964,0.418029,0.495348,0.400772,0.565348,0.391384,0.630756,0.382305,0.694198,0.38747,0.492878,0.355721,0.549446,0.336824,0.597245,0.318067,0.650632
video9.mp4,693ffacf257fb25a2eab891d5e129f4b5ac26c778992445b49e2c233c16a70e7,1280,720,12.06,189,15.667,186,15500,Right,0.462173,0.399331,0.514817,0.441061,0.561179,0.507969,0.596925,0.559986,0.628704,0.607353,0.511116,0.50809,0.530705,0.591514,0.54382,0.654872,0.552296,0.713854,0.461862,0.506583,0.45873,0.595474,0.455539,0.666748,0.448189,0.727496,0.420149,0.501137,0.399364,0.570081,0.38947,0.635156,0.379937,0.696042,0.387786,0.493212,0.355375,0.549911,0.337128,0.599146,0.319323,0.651626
video9.mp4,693ffacf257fb25a2eab891d5e129f4b5ac26c778992445b49e2c233c16a70e7,1280,720,12.06,189,15.667,187,15583,Right,0.457936,0.404817,0.511244,0.444169,0.557956,0.504128,0.592329,0.557794,0.623278,0.606576,0.506961,0.507059,0.528591,0.593548,0.54267,0.658739,0.552327,0.719755,0.457861,0.51014,0.457777,0.597971,0.455947,0.670294,0.449221,0.729908,0.416349,0.50771,0.399288,0.579068,0.389283,0.644775,0.378918,0.7038,0.384408,0.502066,0.353358,0.55823,0.335107,0.605014,0.317103,0.653475
video9.mp4,693ffacf257fb25a2eab891d5e129f4b5ac26c778992445b49e2c233c16a70e7,1280,720,12.06,189,15.667,188,15666,Right,0.459755,0.411897,0.513686,0.44645,0.560194,0.503829,0.592714,0.557089,0.622922,0.607519,0.507047,0.507584,0.528649,0.592483,0.542577,0.657335,0.55215,0.715293,0.457342,0.509948,0.455728,0.597228,0.453409,0.668208,0.447097,0.728822,0.416767,0.508235,0.399464,0.577501,0.390109,0.642649,0.38075,0.703938,0.386019,0.502597,0.355788,0.556847,0.336633,0.602716,0.317791,0.652378
