video_file,video_hash,duration_ms,start_ms,end_ms,start_frame,end_frame,wrist1_x,wrist1_y,thumb1_mcp_x,thumb1_mcp_y,thumb1_pip_x,thumb1_pip_y,thumb1_dip_x,thumb1_dip_y,index1_mcp_x,index1_mcp_y,index1_pip_x,index1_pip_y,index1_dip_x,index1_dip_y,middle1_mcp_x,middle1_mcp_y,middle1_pip_x,middle1_pip_y,middle1_dip_x,middle1_dip_y,ring1_mcp_x,ring1_mcp_y,ring1_pip_x,ring1_pip_y,ring1_dip_x,ring1_dip_y,pinky1_mcp_x,pinky1_mcp_y,pinky1_pip_x,pinky1_pip_y,pinky1_dip_x,pinky1_dip_y,wrist2_x,wrist2_y,thumb2_mcp_x,thumb2_mcp_y,thumb2_pip_x,thumb2_pip_y,thumb2_dip_x,thumb2_dip_y,index2_mcp_x,index2_mcp_y,index2_pip_x,index2_pip_y,index2_dip_x,index2_dip_y,middle2_mcp_x,middle2_mcp_y,middle2_pip_x,middle2_pip_y,middle2_dip_x,middle2_dip_y,ring2_mcp_x,ring2_mcp_y,ring2_pip_x,ring2_pip_y,ring2_dip_x,ring2_dip_y,pinky2_mcp_x,pinky2_mcp_y,pinky2_pip_x,pinky2_pip_y,pinky2_dip_x,pinky2_dip_y,wrist3_x,wrist3_y,thumb3_mcp_x,thumb3_mcp_y,thumb3_pip_x,thumb3_pip_y,thumb3_dip_x,thumb3_dip_y,index3_mcp_x,index3_mcp_y,index3_pip_x,index3_pip_y,index3_dip_x,index3_dip_y,middle3_mcp_x,middle3_mcp_y,middle3_pip_x,middle3_pip_y,middle3_dip_x,middle3_dip_y,ring3_mcp_x,ring3_mcp_y,ring3_pip_x,ring3_pip_y,ring3_dip_x,ring3_dip_y,pinky3_mcp_x,pinky3_mcp_y,pinky3_pip_x,pinky3_pip_y,pinky3_dip_x,pinky3_dip_y,wrist4_x,wrist4_y,thumb4_mcp_x,thumb4_mcp_y,thumb4_pip_x,thumb4_pip_y,thumb4_dip_x,thumb4_dip_y,index4_mcp_x,index4_mcp_y,index4_pip_x,index4_pip_y,index4_dip_x,index4_dip_y,middle4_mcp_x,middle4_mcp_y,middle4_pip_x,middle4_pip_y,middle4_dip_x,middle4_dip_y,ring4_mcp_x,ring4_mcp_y,ring4_pip_x,ring4_pip_y,ring4_dip_x,ring4_dip_y,pinky4_mcp_x,pinky4_mcp_y,pinky4_pip_x,pinky4_pip_y,pinky4_dip_x,pinky4_dip_y,wrist5_x,wrist5_y,thumb5_mcp_x,thumb5_mcp_y,thumb5_pip_x,thumb5_pip_y,thumb5_dip_x,thumb5_dip_y,index5_mcp_x,index5_mcp_y,index5_pip_x,index5_pip_y,index5_dip_x,index5_dip_y,middle5_mcp_x,middle5_mcp_y,middle5_pip_x,middle5_pip_y,middle5_dip_x,middle5_dip_y,ring5_mcp_x,ring5_mcp_y,ring5_pip_x,ring5_pip_y,ring5_dip_x,ring5_dip_y,pinky5_mcp_x,pinky5_mcp_y,pinky5_pip_x,pinky5_pip_y,pinky5_dip_x,pinky5_dip_y,wrist1_vx,wrist1_vy,thumb1_mcp_vx,thumb1_mcp_vy,thumb1_pip_vx,thumb1_pip_vy,thumb1_dip_vx,thumb1_dip_vy,index1_mcp_vx,index1_mcp_vy,index1_pip_vx,index1_pip_vy,index1_dip_vx,index1_dip_vy,middle1_mcp_vx,middle1_mcp_vy,middle1_pip_vx,middle1_pip_vy,middle1_dip_vx,middle1_dip_vy,ring1_mcp_vx,ring1_mcp_vy,ring1_pip_vx,ring1_pip_vy,ring1_dip_vx,ring1_dip_vy,pinky1_mcp_vx,pinky1_mcp_vy,pinky1_pip_vx,pinky1_pip_vy,pinky1_dip_vx,pinky1_dip_vy,wrist2_vx,wrist2_vy,thumb2_mcp_vx,thumb2_mcp_vy,thumb2_pip_vx,thumb2_pip_vy,thumb2_dip_vx,thumb2_dip_vy,index2_mcp_vx,index2_mcp_vy,index2_pip_vx,index2_pip_vy,index2_dip_vx,index2_dip_vy,middle2_mcp_vx,middle2_mcp_vy,middle2_pip_vx,middle2_pip_vy,middle2_dip_vx,middle2_dip_vy,ring2_mcp_vx,ring2_mcp_vy,ring2_pip_vx,ring2_pip_vy,ring2_dip_vx,ring2_dip_vy,pinky2_mcp_vx,pinky2_mcp_vy,pinky2_pip_vx,pinky2_pip_vy,pinky2_dip_vx,pinky2_dip_vy,wrist3_vx,wrist3_vy,thumb3_mcp_vx,thumb3_mcp_vy,thumb3_pip_vx,thumb3_pip_vy,thumb3_dip_vx,thumb3_dip_vy,index3_mcp_vx,index3_mcp_vy,index3_pip_vx,index3_pip_vy,index3_dip_vx,index3_dip_vy,middle3_mcp_vx,middle3_mcp_vy,middle3_pip_vx,middle3_pip_vy,middle3_dip_vx,middle3_dip_vy,ring3_mcp_vx,ring3_mcp_vy,ring3_pip_vx,ring3_pip_vy,ring3_dip_vx,ring3_dip_vy,pinky3_mcp_vx,pinky3_mcp_vy,pinky3_pip_vx,pinky3_pip_vy,pinky3_dip_vx,pinky3_dip_vy,wrist4_vx,wrist4_vy,thumb4_mcp_vx,thumb4_mcp_vy,thumb4_pip_vx,thumb4_pip_vy,thumb4_dip_vx,thumb4_dip_vy,index4_mcp_vx,index4_mcp_vy,index4_pip_vx,index4_pip_vy,index4_dip_vx,index4_dip_vy,middle4_mcp_vx,middle4_mcp_vy,middle4_pip_vx,middle4_pip_vy,middle4_dip_vx,middle4_dip_vy,ring4_mcp_vx,ring4_mcp_vy,ring4_pip_vx,ring4_pip_vy,ring4_dip_vx,ring4_dip_vy,pinky4_mcp_vx,pinky4_mcp_vy,pinky4_pip_vx,pinky4_pip_vy,pinky4_dip_vx,pinky4_dip_vy,thumb_touch,index_touch,middle_touch,ring_touch,pinky_touch,hand_move,hand_point_of_view,hand_closer,hovering,daylight,hand_visible,out_of_sync,rightHand,any_difference
record5.mp4,9bb28db231de393d,7416,0,333,0,4,2.5125,0.2687,3.239,0.723,3.4675,0.9873,3.6547,1.2437,2.9893,1.3041,3.054,1.6898,3.0936,1.9985,2.5725,1.3402,2.5899,1.763,2.588,2.0958,2.1832,1.2649,2.1342,1.6449,2.1055,1.9323,1.7857,1.1122,1.6394,1.3351,1.5285,1.5298,2.4906,0.2447,3.1922,0.6728,3.4471,0.9223,3.6673,1.1526,2.9712,1.2875,3.0522,1.6464,3.1067,1.9437,2.5641,1.3172,2.5861,1.7246,2.5915,2.0657,2.1788,1.2559,2.1316,1.6298,2.1038,1.933,1.7863,1.1071,1.6304,1.3253,1.5089,1.5263,2.4834,0.2376,3.1973,0.6778,3.4375,0.9328,3.6106,1.2016,2.9649,1.2841,3.0534,1.6545,3.1069,1.9597,2.5535,1.3029,2.5791,1.7232,2.5874,2.0749,2.1736,1.2419,2.1324,1.6247,2.1039,1.9327,1.7807,1.1065,1.6159,1.3245,1.4864,1.5247,2.4753,0.2318,3.192,0.6828,3.4231,0.941,3.5774,1.2286,2.9499,1.2775,3.042,1.6511,3.0965,1.9584,2.5376,1.2941,2.566,1.7197,2.579,2.0755,2.16,1.2319,2.1222,1.6197,2.0945,1.9337,1.7684,1.1013,1.6013,1.3184,1.4717,1.5198,2.4683,0.2241,3.1805,0.6783,3.408,0.9416,3.5533,1.2321,2.942,1.2673,3.0375,1.6403,3.0947,1.9507,2.5307,1.2932,2.5592,1.7177,2.5722,2.0735,2.157,1.2308,2.1188,1.6135,2.0907,1.9252,1.771,1.0989,1.6051,1.3169,1.4747,1.5178,0.0,0.0,-0.564,-0.6052,-0.2456,-0.7827,0.1516,-1.0969,0.0,0.0,-0.0209,-0.5236,0.1583,-0.6597,0.0,0.0,-0.0455,-0.4627,0.0,0.0,0.0,0.0,0.0,0.0,0.0,0.0,0.0,0.0,0.0,0.0,0.0,0.0,0.0,0.0,0.0,0.0,0.0,0.0,-0.6833,0.5905,0.0,0.0,0.0,0.0,0.0,0.0,0.0,0.0,0.0,0.0,0.0,0.0,0.0,0.0,0.0,0.0,0.0,0.0,0.0,0.0,0.0,0.0,0.0,0.0,0.0,0.0,0.0,0.0,0.0,0.0,-0.3956,0.3215,0.0,0.0,0.0,0.0,0.0,0.0,0.0,0.0,0.0,0.0,0.0,0.0,0.0,0.0,0.0,0.0,0.0,0.0,0.0,0.0,0.0,0.0,0.0,0.0,0.0,0.0,0.0,0.0,0.0,0.0,0.0,0.0,0.0,0.0,0.0,0.0,0.0,0.0,0.0,0.0,0.0,0.0,0.0,0.0,0.0,0.0,0.0,0.0,0.0,0.0,0.0,0.0,0.0,0.0,0.0,0.0,True,False,False,False,False,False,front,False,False,False,True,False,False,
record5.mp4,9bb28db231de393d,7416,250,583,3,7,2.4753,0.2318,3.192,0.6828,3.4231,0.941,3.5774,1.2286,2.9499,1.2775,3.042,1.6511,3.0965,1.9584,2.5376,1.2941,2.566,1.7197,2.579,2.0755,2.16,1.2319,2.1222,1.6197,2.0945,1.9337,1.7684,1.1013,1.6013,1.3184,1.4717,1.5198,2.4683,0.2241,3.1805,0.6783,3.408,0.9416,3.5533,1.2321,2.942,1.2673,3.0375,1.6403,3.0947,1.9507,2.5307,1.2932,2.5592,1.7177,2.5722,2.0735,2.157,1.2308,2.1188,1.6135,2.0907,1.9252,1.771,1.0989,1.6051,1.3169,1.4747,1.5178,2.4608,0.2261,3.1771,0.6819,3.4055,0.9489,3.5495,1.236,2.932,1.2526,3.0332,1.6117,3.098,1.9263,2.5129,1.2354,2.5332,1.623,2.5401,1.9658,2.1367,1.1706,2.0941,1.5162,2.0631,1.8214,1.748,1.0834,1.5705,1.2933,1.4239,1.4978,2.4623,0.2326,3.1875,0.6877,3.4126,0.9638,3.56,1.2467,2.9381,1.0976,3.053,1.3506,3.1521,1.6043,2.5211,1.2373,2.5534,1.6032,2.5769,1.9402,2.1299,1.2178,2.0854,1.5612,2.0625,1.8846,1.7476,1.1035,1.5633,1.3009,1.4191,1.4976,2.4647,0.2296,3.1832,0.6922,3.4081,0.9629,3.5455,1.2422,2.9302,1.2264,3.0427,1.5393,3.1325,1.829,2.5322,1.2886,2.5791,1.6767,2.6175,2.0241,2.1376,1.232,2.0909,1.5859,2.0644,1.9013,1.7474,1.1055,1.5633,1.3038,1.4187,1.4966,0.0,0.0,0.0,0.0,0.0,0.0,0.0,0.0,0.0,0.0,0.0,0.0,0.0,0.0,0.0,0.0,0.0,0.0,0.0,0.0,0.0,0.0,0.0,0.0,0.0,0.0,0.0,0.0,0.0,0.0,0.0,0.0,0.0,0.0,0.0,0.0,0.0,0.0,0.0,0.0,0.0,0.0,0.0,0.0,0.0,0.0,-0.2146,-0.6953,-0.3135,-1.1406,-0.3869,-1.2979,-0.2454,-0.7259,-0.2978,-1.1718,-0.3326,-1.2506,0.0,0.0,-0.4173,-0.285,-0.6115,-0.2408,0.0,0.0,0.0,0.0,0.0,0.0,0.0,0.0,0.0727,-1.8454,0.2361,-3.1079,0.6443,-3.8326,0.0,0.0,0.0,0.0,0.4385,-0.305,-0.0804,0.5624,-0.1032,0.5354,-0.0069,0.7524,0.0,0.0,0.0,0.0,0.0,0.0,0.0,0.0,0.0,0.0,0.0,0.0,0.0,0.0,-0.0954,1.5518,-0.1241,2.2727,-0.2362,2.7066,0.1338,0.6182,0.3092,0.8848,0.489,1.0107,0.0,0.0,0.0,0.0,0.0,0.0,0.0,0.0,0.0,0.0,0.0,0.0,False,True,False,False,False,False,front,False,False,False,True,False,False,
record5.mp4,9bb28db231de393d,7416,500,833,6,10,2.4623,0.2326,3.1875,0.6877,3.4126,0.9638,3.56,1.2467,2.9381,1.0976,3.053,1.3506,3.1521,1.6043,2.5211,1.2373,2.5534,1.6032,2.5769,1.9402,2.1299,1.2178,2.0854,1.5612,2.0625,1.8846,1.7476,1.1035,1.5633,1.3009,1.4191,1.4976,2.4647,0.2296,3.1832,0.6922,3.4081,0.9629,3.5455,1.2422,2.9302,1.2264,3.0427,1.5393,3.1325,1.829,2.5322,1.2886,2.5791,1.6767,2.6175,2.0241,2.1376,1.232,2.0909,1.5859,2.0644,1.9013,1.7474,1.1055,1.5633,1.3038,1.4187,1.4966,2.4478,0.2336,3.1631,0.6782,3.3753,0.9459,3.5222,1.223,2.9235,1.2896,3.036,1.635,3.123,1.9455,2.5215,1.2601,2.5593,1.6139,2.5869,1.9257,2.1148,1.1827,2.0508,1.5045,2.0002,1.7912,1.7259,1.0938,1.5308,1.2829,1.3641,1.467,2.4406,0.235,3.1497,0.6761,3.3616,0.9424,3.5057,1.2208,2.9032,1.292,2.9943,1.608,3.0605,1.894,2.5132,1.2986,2.5464,1.6538,2.5629,1.9604,2.1194,1.2139,2.0622,1.5429,2.0204,1.8292,1.7322,1.0972,1.5484,1.29,1.3962,1.4778,2.4366,0.2425,3.1407,0.68,3.3508,0.9423,3.4832,1.2132,2.8814,1.2432,2.9575,1.5225,3.0066,1.7809,2.5037,1.2984,2.5362,1.6548,2.5512,1.9676,2.1172,1.2356,2.0645,1.5682,2.0285,1.8629,1.7348,1.104,1.5601,1.2967,1.426,1.4866,0.0,0.0,0.0,0.0,0.0,0.0,0.0,0.0,-0.0954,1.5518,-0.1241,2.2727,-0.2362,2.7066,0.1338,0.6182,0.3092,0.8848,0.489,1.0107,0.0,0.0,0.0,0.0,0.0,0.0,0.0,0.0,0.0,0.0,0.0,0.0,0.0,0.0,0.0,0.0,-0.3957,-0.2049,0.0,0.0,-0.0801,0.7622,-0.0814,1.1534,-0.1146,1.4036,0.0,0.0,-0.2378,-0.7561,-0.3687,-1.1852,-0.2743,-0.5937,-0.4833,-0.9806,-0.7733,-1.3272,0.0,0.0,-0.3916,-0.2518,-0.6583,-0.3564,0.0,0.0,0.0,0.0,0.0,0.0,0.0,0.0,0.0,0.0,-0.4958,-0.3218,-0.7441,-0.6127,-0.0983,0.4583,-0.1546,0.4752,-0.2855,0.413,0.0,0.0,0.1365,0.457,0.2404,0.4523,0.0,0.0,0.0,0.0,0.383,0.1293,0.0,0.0,0.0,0.0,0.0,0.0,0.0,0.0,-0.2627,-0.587,-0.4436,-1.03,-0.6489,-1.3636,0.0,0.0,0.0,0.0,0.0,0.0,0.0,0.0,0.0,0.0,0.0973,0.4067,0.0,0.0,0.0,0.0,0.0,0.0,False,True,True,True,False,False,front,False,False,False,True,False,False,
record5.mp4,9bb28db231de393d,7416,750,1083,9,13,2.4406,0.235,3.1497,0.6761,3.3616,0.9424,3.5057,1.2208,2.9032,1.292,2.9943,1.608,3.0605,1.894,2.5132,1.2986,2.5464,1.6538,2.5629,1.9604,2.1194,1.2139,2.0622,1.5429,2.0204,1.8292,1.7322,1.0972,1.5484,1.29,1.3962,1.4778,2.4366,0.2425,3.1407,0.68,3.3508,0.9423,3.4832,1.2132,2.8814,1.2432,2.9575,1.5225,3.0066,1.7809,2.5037,1.2984,2.5362,1.6548,2.5512,1.9676,2.1172,1.2356,2.0645,1.5682,2.0285,1.8629,1.7348,1.104,1.5601,1.2967,1.426,1.4866,2.4299,0.2416,3.1353,0.6631,3.349,0.9242,3.4872,1.2025,2.892,1.2741,2.9801,1.6012,3.0416,1.8939,2.5113,1.3033,2.5533,1.6853,2.5821,2.0232,2.1198,1.2374,2.0674,1.5884,2.0344,1.896,1.7366,1.1032,1.5565,1.2966,1.4156,1.4818,2.4101,0.2374,3.1181,0.6573,3.3304,0.9157,3.4737,1.1976,2.8883,1.3063,2.9894,1.6411,3.0663,1.9418,2.4857,1.2587,2.5207,1.6111,2.5384,1.9281,2.0827,1.1713,2.0275,1.4937,1.9848,1.7859,1.6918,1.0658,1.494,1.2479,1.3299,1.4345,2.4118,0.2398,3.1207,0.6561,3.3318,0.9151,3.4724,1.202,2.8768,1.3139,2.9606,1.6557,3.0133,1.9472,2.4754,1.2965,2.5013,1.6678,2.5116,1.9789,2.0892,1.2035,2.0364,1.539,1.9977,1.8228,1.701,1.0739,1.515,1.2641,1.3632,1.4529,0.0,0.0,0.0,0.0,0.0,0.0,0.0,0.0,-0.2627,-0.587,-0.4436,-1.03,-0.6489,-1.3636,0.0,0.0,0.0,0.0,0.0,0.0,0.0,0.0,0.0,0.0,0.0973,0.4067,0.0,0.0,0.0,0.0,0.0,0.0,0.0,0.0,0.0,0.0,0.0,0.0,0.0,0.0,0.0,0.0,0.2719,0.9477,0.4221,1.3616,0.0,0.0,0.2053,0.367,0.3722,0.669,0.0,0.0,0.0,0.0,0.0714,0.3981,0.0,0.0,0.0,0.0,0.0,0.0,0.0,0.0,0.0,0.0,0.0,0.0,0.0,0.0,0.0,0.0,0.1113,0.4758,0.2936,0.5708,-0.3048,-0.5308,-0.3878,-0.8826,-0.5202,-1.1315,-0.441,-0.7867,-0.4751,-1.1275,-0.5911,-1.31,-0.5342,-0.4443,-0.7443,-0.5791,-1.0209,-0.5625,0.0,0.0,0.0,0.0,0.0,0.0,0.0,0.0,0.0,0.0,0.0,0.0,-0.638,0.0655,-0.124,0.4554,-0.2335,0.6831,-0.3234,0.6118,0.0,0.0,0.107,0.5451,0.1552,0.4437,0.0,0.0,0.0,0.0,0.4013,0.2211,False,True,True,True,True,False,front,False,False,False,True,False,False,
record5.mp4,9bb28db231de393d,7416,1000,1333,12,16,2.4101,0.2374,3.1181,0.6573,3.3304,0.9157,3.4737,1.1976,2.8883,1.3063,2.9894,1.6411,3.0663,1.9418,2.4857,1.2587,2.5207,1.6111,2.5384,1.9281,2.0827,1.1713,2.0275,1.4937,1.9848,1.7859,1.6918,1.0658,1.494,1.2479,1.3299,1.4345,2.4118,0.2398,3.1207,0.6561,3.3318,0.9151,3.4724,1.202,2.8768,1.3139,2.9606,1.6557,3.0133,1.9472,2.4754,1.2965,2.5013,1.6678,2.5116,1.9789,2.0892,1.2035,2.0364,1.539,1.9977,1.8228,1.701,1.0739,1.515,1.2641,1.3632,1.4529,2.4208,0.2435,3.1274,0.6501,3.3488,0.9123,3.5005,1.1996,2.8433,1.2685,2.9099,1.6237,2.9578,1.9218,2.485,1.2823,2.5137,1.67,2.5293,1.9988,2.1066,1.1999,2.0587,1.5562,2.028,1.8616,1.7235,1.0805,1.5365,1.2794,1.3829,1.4664,2.4314,0.2339,3.1366,0.6527,3.3556,0.917,3.4984,1.2034,2.8691,1.2984,2.9525,1.6512,3.0101,1.9501,2.5055,1.2356,2.5467,1.5869,2.5708,1.8809,2.1017,1.1363,2.0476,1.4292,2.012,1.6632,1.7178,1.0095,1.527,1.1831,1.3734,1.3385,2.4366,0.2379,3.1459,0.6558,3.361,0.9232,3.4987,1.2085,2.8852,1.3007,2.9673,1.6589,3.0256,1.9675,2.5214,1.2668,2.5694,1.6426,2.6081,1.9718,2.122,1.2141,2.0658,1.5691,2.0332,1.8721,1.7487,1.07,1.5771,1.2785,1.4436,1.4656,0.0,0.0,0.0,0.0,0.0,0.0,0.0,0.0,0.0,0.0,0.0,0.0,-0.638,0.0655,-0.124,0.4554,-0.2335,0.6831,-0.3234,0.6118,0.0,0.0,0.107,0.5451,0.1552,0.4437,0.0,0.0,0.0,0.0,0.4013,0.2211,0.0,0.0,0.0,0.0,0.0,0.0,0.0,0.0,-0.4032,-0.5467,-0.6101,-0.3852,-0.6693,-0.3069,0.0,0.0,0.0,0.0,0.0,0.0,0.0,0.0,0.0,0.0,0.3662,0.4682,0.0,0.0,0.0,0.0,0.0,0.0,0.0,0.0,0.0,0.0,0.0,0.0,0.0,0.0,0.3067,0.356,0.5064,0.3274,0.6222,0.3369,0.2439,-0.5553,0.3937,-0.9895,0.4938,-1.4034,-0.0575,-0.7574,-0.132,-1.5113,-0.1906,-2.362,-0.0671,-0.845,-0.1128,-1.1468,-0.1131,-1.5222,0.0,0.0,0.0,0.0,0.0,0.0,0.0,0.0,0.0,0.0,0.0,0.0,0.0,0.0,0.1919,0.3753,0.2732,0.6703,0.4498,1.0954,0.2441,0.9378,0.2197,1.6846,0.2553,2.5167,0.3719,0.7287,0.6035,1.1495,0.8451,1.5313,False,False,True,True,True,False,front,False,False,False,True,False,False,
record5.mp4,9bb28db231de393d,7416,1250,1583,15,19,2.4314,0.2339,3.1366,0.6527,3.3556,0.917,3.4984,1.2034,2.8691,1.2984,2.9525,1.6512,3.0101,1.9501,2.5055,1.2356,2.5467,1.5869,2.5708,1.8809,2.1017,1.1363,2.0476,1.4292,2.012,1.6632,1.7178,1.0095,1.527,1.1831,1.3734,1.3385,2.4366,0.2379,3.1459,0.6558,3.361,0.9232,3.4987,1.2085,2.8852,1.3007,2.9673,1.6589,3.0256,1.9675,2.5214,1.2668,2.5694,1.6426,2.6081,1.9718,2.122,1.2141,2.0658,1.5691,2.0332,1.8721,1.7487,1.07,1.5771,1.2785,1.4436,1.4656,2.4516,0.2405,3.1634,0.6656,3.3944,0.9384,3.5323,1.225,2.8728,1.2759,2.9392,1.6242,2.9853,1.9211,2.5425,1.2757,2.5874,1.6683,2.6204,2.0012,2.1521,1.2282,2.0982,1.6035,2.0653,1.9156,1.786,1.0973,1.6276,1.3203,1.5034,1.5197,2.4796,0.2271,3.1847,0.6897,3.4263,0.9665,3.5595,1.2538,2.8915,1.3033,2.9647,1.6576,3.0189,1.9506,2.5606,1.31,2.6091,1.7223,2.6451,2.0611,2.1792,1.2436,2.1262,1.6272,2.0914,1.9378,1.8141,1.1053,1.6562,1.3346,1.5276,1.5354,2.4854,0.2329,3.1891,0.6941,3.42,0.9665,3.5582,1.2486,2.9026,1.3054,2.9851,1.6554,3.0396,1.9555,2.5478,1.2802,2.5888,1.672,2.6125,2.0074,2.1545,1.1946,2.093,1.5361,2.0434,1.8264,1.7851,1.0836,1.6016,1.295,1.4409,1.4851,0.0,0.0,0.0,0.0,0.0,0.0,0.0,0.0,0.0,0.0,0.0,0.0,0.0,0.0,0.1919,0.3753,0.2732,0.6703,0.4498,1.0954,0.2441,0.9378,0.2197,1.6846,0.2553,2.5167,0.3719,0.7287,0.6035,1.1495,0.8451,1.5313,0.0,0.0,0.0,0.0,0.4017,0.183,0.4047,0.1987,0.0,0.0,-0.3385,-0.418,-0.485,-0.5591,0.0,0.0,0.0,0.0,0.0,0.0,0.3631,0.1696,0.3903,0.4145,0.3867,0.524,0.4495,0.3295,0.6081,0.5042,0.7215,0.6516,0.0,0.0,0.0,0.0,0.3805,0.3346,0.3243,0.3436,0.0,0.0,0.3037,0.3974,0.3995,0.351,0.2158,0.409,0.2585,0.6426,0.2949,0.7133,0.0,0.0,0.3332,0.2826,0.3106,0.2641,0.0,0.0,0.0,0.0,0.0,0.0,0.0,0.0,0.0,0.0,0.0,0.0,0.0,0.0,0.0,0.0,0.0,0.0,0.0,0.0,0.0,0.0,-0.2442,-0.6064,-0.3929,-0.6466,-0.2968,-0.5911,-0.4004,-1.098,-0.578,-1.3421,-0.3497,-0.2614,-0.6585,-0.4767,-1.0455,-0.6069,False,False,True,True,True,False,front,False,False,False,True,False,False,
record5.mp4,9bb28db231de393d,7416,1500,1833,18,22,2.4796,0.2271,3.1847,0.6897,3.4263,0.9665,3.5595,1.2538,2.8915,1.3033,2.9647,1.6576,3.0189,1.9506,2.5606,1.31,2.6091,1.7223,2.6451,2.0611,2.1792,1.2436,2.1262,1.6272,2.0914,1.9378,1.8141,1.1053,1.6562,1.3346,1.5276,1.5354,2.4854,0.2329,3.1891,0.6941,3.42,0.9665,3.5582,1.2486,2.9026,1.3054,2.9851,1.6554,3.0396,1.9555,2.5478,1.2802,2.5888,1.672,2.6125,2.0074,2.1545,1.1946,2.093,1.5361,2.0434,1.8264,1.7851,1.0836,1.6016,1.295,1.4409,1.4851,2.4992,0.24,3.2054,0.691,3.4316,0.9643,3.5711,1.248,2.9221,1.3167,3.0101,1.6671,3.0692,1.9692,2.5463,1.2635,2.5833,1.6309,2.6037,1.9453,2.144,1.1461,2.0738,1.4405,2.0208,1.6865,1.7743,1.0025,1.5807,1.1582,1.4212,1.3014,2.4959,0.2374,3.2065,0.6887,3.4302,0.9577,3.5728,1.2429,2.9259,1.3402,3.0105,1.6992,3.0634,2.0095,2.5405,1.2696,2.5601,1.6441,2.5589,1.9647,2.133,1.1473,2.0578,1.4551,1.9996,1.7151,1.7566,1.0122,1.5556,1.191,1.3925,1.36,2.5024,0.2444,3.2183,0.6937,3.4492,0.9698,3.5924,1.2454,2.895,1.1901,2.9346,1.4682,2.9486,1.7422,2.5236,1.1995,2.5384,1.5732,2.5355,1.8999,2.1281,1.1424,2.0575,1.4698,2.0075,1.7466,1.7517,1.0269,1.5565,1.2254,1.4023,1.4237,0.0,0.0,0.0,0.0,0.0,0.0,0.0,0.0,0.0,0.0,0.0,0.0,0.0,0.0,0.0,0.0,-0.2442,-0.6064,-0.3929,-0.6466,-0.2968,-0.5911,-0.4004,-1.098,-0.578,-1.3421,-0.3497,-0.2614,-0.6585,-0.4767,-1.0455,-0.6069,0.0,0.0,0.0,0.0,0.0,0.0,0.0,0.0,0.0,0.0,0.0,0.0,0.0,0.0,0.0,0.0,-0.0659,-0.4952,-0.1059,-0.7492,-0.1267,-0.5838,-0.2314,-1.151,-0.2722,-1.6853,-0.1305,-0.977,-0.2512,-1.6488,-0.2368,-2.2126,0.0,0.0,0.0,0.0,0.0,0.0,0.0,0.0,0.0,0.0,0.0,0.0,-0.0695,0.4798,0.0,0.0,0.0,0.0,-0.5344,0.2316,0.0,0.0,0.0,0.0,-0.2534,0.3411,0.0,0.0,-0.2995,0.3905,-0.3418,0.6969,0.0,0.0,0.0,0.0,0.0,0.0,0.0,0.0,-0.3723,-1.8084,-0.9136,-2.7829,-1.3824,-3.2206,-0.2026,-0.8443,-0.2611,-0.8551,-0.281,-0.7813,0.0,0.0,0.0,0.0,0.0,0.0,0.0,0.0,0.0112,0.4153,0.1179,0.768,False,False,False,False,False,False,front,False,False,False,True,False,False,
record5.mp4,9bb28db231de393d,7416,1750,2083,21,25,2.4959,0.2374,3.2065,0.6887,3.4302,0.9577,3.5728,1.2429,2.9259,1.3402,3.0105,1.6992,3.0634,2.0095,2.5405,1.2696,2.5601,1.6441,2.5589,1.9647,2.133,1.1473,2.0578,1.4551,1.9996,1.7151,1.7566,1.0122,1.5556,1.191,1.3925,1.36,2.5024,0.2444,3.2183,0.6937,3.4492,0.9698,3.5924,1.2454,2.895,1.1901,2.9346,1.4682,2.9486,1.7422,2.5236,1.1995,2.5384,1.5732,2.5355,1.8999,2.1281,1.1424,2.0575,1.4698,2.0075,1.7466,1.7517,1.0269,1.5565,1.2254,1.4023,1.4237,2.5034,0.2158,3.2103,0.6977,3.4577,0.9695,3.606,1.2405,2.9485,1.029,2.9865,1.2811,2.9957,1.5455,2.5204,1.0942,2.5015,1.4523,2.4701,1.7836,2.146,1.0302,2.0694,1.3783,2.0164,1.697,1.7806,0.8837,1.6034,1.0748,1.4671,1.2886,2.473,0.1961,3.207,0.7047,3.4507,0.9552,3.5922,1.2246,2.9344,1.1379,2.9836,1.4799,3.0086,1.7841,2.5032,1.1357,2.476,1.5157,2.4425,1.846,2.154,1.0595,2.0892,1.4267,2.0464,1.7586,1.901,0.9967,1.8625,1.3006,1.8508,1.5834,2.4757,0.2407,3.1786,0.7632,3.4282,0.9594,3.5825,1.2249,3.1909,1.0028,3.3324,1.3075,3.4254,1.5485,2.7701,1.1069,2.782,1.5029,2.7928,1.8276,2.4141,1.0884,2.37,1.5249,2.3438,1.8584,2.1167,1.101,2.1284,1.4339,2.1823,1.7179,0.0,0.0,0.0,0.0,0.0,0.0,0.0,0.0,-0.3723,-1.8084,-0.9136,-2.7829,-1.3824,-3.2206,-0.2026,-0.8443,-0.2611,-0.8551,-0.281,-0.7813,0.0,0.0,0.0,0.0,0.0,0.0,0.0,0.0,0.0112,0.4153,0.1179,0.768,0.0,0.0,0.0,0.0,0.0,0.0,0.0,0.0,0.645,-1.9402,0.6254,-2.2542,0.5672,-2.3697,-0.0394,-1.2688,-0.4448,-1.456,-0.788,-1.4004,0.2156,-1.3514,0.1435,-1.1027,0.1077,-0.5972,0.3479,-1.726,0.5653,-1.8155,0.7814,-1.6272,-0.3616,-0.2346,0.0,0.0,0.0,0.0,0.0,0.0,-0.1688,1.2968,-0.0352,2.3665,0.1537,2.8408,-0.2047,0.4942,-0.3034,0.7551,-0.3286,0.7426,0.0,0.0,0.2359,0.5763,0.3567,0.7331,1.434,1.3454,3.0846,2.6889,4.567,3.5095,0.0319,0.5369,-0.3429,0.7051,0.0,0.0,0.0,0.0,3.0913,-1.6277,4.203,-2.0778,5.0211,-2.8391,3.2159,-0.3469,3.6866,-0.1552,4.2201,-0.2218,3.1348,0.348,3.383,1.183,3.5841,1.2023,2.5982,1.2572,3.2034,1.6056,3.9941,1.6205,False,False,False,False,False,False,front,False,False,False,True,True,False,
record5.mp4,9bb28db231de393d,7416,2000,2333,24,28,2.473,0.1961,3.207,0.7047,3.4507,0.9552,3.5922,1.2246,2.9344,1.1379,2.9836,1.4799,3.0086,1.7841,2.5032,1.1357,2.476,1.5157,2.4425,1.846,2.154,1.0595,2.0892,1.4267,2.0464,1.7586,1.901,0.9967,1.8625,1.3006,1.8508,1.5834,2.4757,0.2407,3.1786,0.7632,3.4282,0.9594,3.5825,1.2249,3.1909,1.0028,3.3324,1.3075,3.4254,1.5485,2.7701,1.1069,2.782,1.5029,2.7928,1.8276,2.4141,1.0884,2.37,1.5249,2.3438,1.8584,2.1167,1.101,2.1284,1.4339,2.1823,1.7179,2.5098,0.2809,3.1997,0.7665,3.4202,1.0061,3.5905,1.2488,3.2623,0.9386,3.3676,1.2317,3.4406,1.4779,2.7503,1.0903,2.7336,1.5127,2.7157,1.836,2.3244,1.0598,2.2606,1.5037,2.2306,1.8278,2.0072,1.0497,1.9592,1.3498,1.9483,1.5999,2.5051,0.2786,3.2043,0.7694,3.3886,1.0039,3.5323,1.2453,3.1742,0.9969,3.2717,1.356,3.2836,1.6458,2.6649,1.1162,2.6196,1.5781,2.5623,1.8864,2.1916,1.0658,2.1152,1.5187,2.055,1.8321,1.8423,1.0302,1.6897,1.3127,1.5671,1.5105,2.4508,0.1919,3.1397,0.7367,3.3576,0.9905,3.5245,1.234,2.9547,1.1439,3.0026,1.526,3.0335,1.8379,2.5035,1.1544,2.4882,1.5946,2.4724,1.916,2.0972,1.0618,2.0445,1.4963,2.0024,1.8095,1.7574,1.0094,1.6131,1.2839,1.4885,1.4992,0.0319,0.5369,-0.3429,0.7051,0.0,0.0,0.0,0.0,3.0913,-1.6277,4.203,-2.0778,5.0211,-2.8391,3.2159,-0.3469,3.6866,-0.1552,4.2201,-0.2218,3.1348,0.348,3.383,1.183,3.5841,1.2023,2.5982,1.2572,3.2034,1.6056,3.9941,1.6205,0.4106,0.4853,0.0,0.0,-0.0964,0.5622,0.0,0.0,0.8593,-0.7739,0.4242,-0.9132,0.1836,-0.8509,0.0,0.0,-0.5827,0.1186,-0.9285,0.1006,-1.0809,-0.3447,-1.3181,-0.2551,-1.3643,-0.369,-1.319,-0.6189,-2.0386,-1.0137,-2.8195,-1.4219,0.0,0.0,0.0,0.0,0.0,0.0,-0.6935,-0.0413,-1.0484,0.6934,-1.1418,1.4804,-1.8695,1.9991,-1.0163,0.3084,-1.3572,0.7779,-1.8262,0.6007,-1.581,0.0707,-1.7315,0.1782,-2.0909,0.0518,-1.9627,-0.2315,-3.2079,-0.4414,-4.5374,-1.0644,-0.6542,-1.044,-0.7777,-0.394,-0.3736,-0.1618,0.0,0.0,-2.6441,1.7711,-3.2426,2.0479,-3.0126,2.3145,-1.944,0.4596,-1.5836,0.1996,-1.0832,0.3565,-1.1373,-0.0474,-0.8513,-0.2693,-0.6337,-0.2721,-1.0232,-0.2502,-0.923,-0.3466,-0.9474,-0.1365,False,False,False,False,False,False,front,False,False,False,True,True,False,
record5.mp4,9bb28db231de393d,7416,2250,2583,27,31,2.5051,0.2786,3.2043,0.7694,3.3886,1.0039,3.5323,1.2453,3.1742,0.9969,3.2717,1.356,3.2836,1.6458,2.6649,1.1162,2.6196,1.5781,2.5623,1.8864,2.1916,1.0658,2.1152,1.5187,2.055,1.8321,1.8423,1.0302,1.6897,1.3127,1.5671,1.5105,2.4508,0.1919,3.1397,0.7367,3.3576,0.9905,3.5245,1.234,2.9547,1.1439,3.0026,1.526,3.0335,1.8379,2.5035,1.1544,2.4882,1.5946,2.4724,1.916,2.0972,1.0618,2.0445,1.4963,2.0024,1.8095,1.7574,1.0094,1.6131,1.2839,1.4885,1.4992,2.4428,0.2045,3.1502,0.7231,3.3474,0.9584,3.4902,1.229,2.8836,1.2297,2.9509,1.5851,2.9904,1.888,2.4159,1.1712,2.401,1.5803,2.3675,1.9045,2.0367,1.048,1.9693,1.4189,1.8968,1.6994,1.6771,0.9437,1.4683,1.1291,1.2926,1.287,2.4265,0.2099,3.1179,0.708,3.3039,0.9378,3.4236,1.2224,2.8559,1.2502,2.9165,1.5969,2.9359,1.8824,2.3621,1.2062,2.3335,1.6032,2.2911,1.929,1.99,1.0667,1.9115,1.443,1.8407,1.7327,1.6105,0.9255,1.3946,1.1129,1.2259,1.2854,2.4225,0.2422,3.1162,0.6844,3.3029,0.914,3.4199,1.2179,2.8436,1.2509,2.9048,1.5975,2.9199,1.8893,2.3732,1.2423,2.366,1.63,2.3475,1.9667,2.005,1.1348,1.9455,1.4959,1.8943,1.7855,1.6462,0.9952,1.461,1.1908,1.3211,1.383,-0.6542,-1.044,-0.7777,-0.394,-0.3736,-0.1618,0.0,0.0,-2.6441,1.7711,-3.2426,2.0479,-3.0126,2.3145,-1.944,0.4596,-1.5836,0.1996,-1.0832,0.3565,-1.1373,-0.0474,-0.8513,-0.2693,-0.6337,-0.2721,-1.0232,-0.2502,-0.923,-0.3466,-0.9474,-0.1365,0.0,0.0,0.0,0.0,-0.1226,-0.3864,-0.4134,-0.0602,-0.8576,1.0348,-0.6234,0.7122,-0.5194,0.6036,-1.0565,0.2023,-1.0506,-0.1721,-1.2644,-0.138,-0.7299,-0.1664,-0.9062,-0.9328,-1.2716,-1.327,-0.9677,-0.7922,-1.745,-1.8651,-2.3594,-2.5566,0.0,0.0,-0.3845,-0.1791,-0.518,-0.2456,-0.7928,-0.0787,-0.3295,0.2438,-0.409,0.14,-0.6482,-0.0663,-0.6395,0.417,-0.8041,0.2725,-0.909,0.2906,-0.5552,0.2229,-0.6885,0.2872,-0.6686,0.3969,-0.7923,-0.2168,-0.8777,-0.1929,-0.795,-0.0186,0.0,0.0,0.0,0.0,0.0,0.0,0.0,0.0,0.0,0.0,0.0,0.0,0.0,0.0,0.1336,0.4343,0.3922,0.3231,0.6795,0.4542,0.1799,0.8197,0.4108,0.6371,0.6456,0.6362,0.4302,0.84,0.8009,0.939,1.1475,1.1763,False,False,False,False,False,False,front,False,False,False,True,True,False,
record5.mp4,9bb28db231de393d,7416,2500,2833,30,34,2.4265,0.2099,3.1179,0.708,3.3039,0.9378,3.4236,1.2224,2.8559,1.2502,2.9165,1.5969,2.9359,1.8824,2.3621,1.2062,2.3335,1.6032,2.2911,1.929,1.99,1.0667,1.9115,1.443,1.8407,1.7327,1.6105,0.9255,1.3946,1.1129,1.2259,1.2854,2.4225,0.2422,3.1162,0.6844,3.3029,0.914,3.4199,1.2179,2.8436,1.2509,2.9048,1.5975,2.9199,1.8893,2.3732,1.2423,2.366,1.63,2.3475,1.9667,2.005,1.1348,1.9455,1.4959,1.8943,1.7855,1.6462,0.9952,1.461,1.1908,1.3211,1.383,2.4216,0.2296,3.1079,0.6748,3.2997,0.9264,3.4269,1.2178,2.8343,1.2446,2.9027,1.5898,2.9346,1.884,2.3881,1.2224,2.3697,1.6078,2.3427,1.9379,2.0263,1.1304,1.9605,1.4891,1.9072,1.7861,1.6522,0.9945,1.4612,1.1887,1.3114,1.381,2.424,0.2272,3.1124,0.6666,3.3053,0.9294,3.4303,1.2212,2.8383,1.2444,2.9125,1.5985,2.95,1.9069,2.4086,1.256,2.4135,1.6576,2.4135,2.0066,2.0371,1.1802,1.973,1.5406,1.9245,1.8488,1.6665,1.0427,1.477,1.232,1.3274,1.4197,2.4408,0.2455,3.1382,0.6743,3.3422,0.9472,3.4734,1.2365,2.7924,1.2079,2.8194,1.5492,2.8282,1.8519,2.4334,1.2448,2.4432,1.6452,2.4473,1.9886,2.0679,1.188,2.0036,1.5555,1.9584,1.8667,1.7107,1.0634,1.5425,1.2751,1.407,1.4747,0.0,0.0,0.0,0.0,0.0,0.0,0.0,0.0,0.0,0.0,0.0,0.0,0.0,0.0,0.1336,0.4343,0.3922,0.3231,0.6795,0.4542,0.1799,0.8197,0.4108,0.6371,0.6456,0.6362,0.4302,0.84,0.8009,0.939,1.1475,1.1763,0.0,0.0,0.0,0.0,0.0,0.0,0.0,0.0,0.0,0.0,0.0,0.0,0.0,0.0,0.0,0.0,0.0,0.0,0.0,0.0,0.0,0.0,0.0,0.0,0.0,0.0,0.0,0.0,0.0,0.0,0.0,0.0,0.0,0.0,0.0,0.0,0.0,0.0,0.0,0.0,0.0,0.0,0.0,0.0,0.0,0.0,0.2434,0.4002,0.5218,0.5926,0.8426,0.8185,0.1282,0.5931,0.1491,0.6134,0.2062,0.7464,0.1701,0.5745,0.1888,0.5151,0.1906,0.4598,0.0,0.0,0.0,0.0,0.4447,0.2153,0.5189,0.1844,-0.5519,-0.4394,-1.121,-0.5935,-1.4681,-0.6624,0.0,0.0,0.0,0.0,0.4075,-0.2167,0.0,0.0,0.3689,0.1798,0.4091,0.2159,0.5324,0.2487,0.7891,0.5194,0.9591,0.6629,False,False,False,True,True,False,front,False,False,False,True,False,False,
record5.mp4,9bb28db231de393d,7416,2750,3083,33,37,2.424,0.2272,3.1124,0.6666,3.3053,0.9294,3.4303,1.2212,2.8383,1.2444,2.9125,1.5985,2.95,1.9069,2.4086,1.256,2.4135,1.6576,2.4135,2.0066,2.0371,1.1802,1.973,1.5406,1.9245,1.8488,1.6665,1.0427,1.477,1.232,1.3274,1.4197,2.4408,0.2455,3.1382,0.6743,3.3422,0.9472,3.4734,1.2365,2.7924,1.2079,2.8194,1.5492,2.8282,1.8519,2.4334,1.2448,2.4432,1.6452,2.4473,1.9886,2.0679,1.188,2.0036,1.5555,1.9584,1.8667,1.7107,1.0634,1.5425,1.2751,1.407,1.4747,2.456,0.2412,3.158,0.6799,3.3601,0.9502,3.4859,1.2385,2.8459,1.2615,2.8963,1.6226,2.9303,1.9367,2.4965,1.2575,2.528,1.6596,2.5518,2.0046,2.1122,1.1959,2.0544,1.571,2.0144,1.8843,1.7387,1.0746,1.5717,1.2885,1.4331,1.4867,2.462,0.2375,3.1557,0.676,3.3676,0.9464,3.494,1.2351,2.8698,1.2836,2.9474,1.6449,2.9996,1.9578,2.4887,1.2127,2.5092,1.5743,2.518,1.8879,2.0994,1.1484,2.0379,1.4816,1.9922,1.7626,1.7246,1.0487,1.5472,1.2544,1.4027,1.4484,2.4671,0.2491,3.16,0.6776,3.3655,0.9492,3.5047,1.24,2.8877,1.2904,2.9682,1.6646,3.0156,1.9904,2.4865,1.238,2.4968,1.6263,2.4987,1.9674,2.0969,1.1704,2.0299,1.5229,1.9829,1.827,1.7219,1.0727,1.5429,1.2776,1.4014,1.477,0.0,0.0,0.0,0.0,0.4447,0.2153,0.5189,0.1844,-0.5519,-0.4394,-1.121,-0.5935,-1.4681,-0.6624,0.0,0.0,0.0,0.0,0.4075,-0.2167,0.0,0.0,0.3689,0.1798,0.4091,0.2159,0.5324,0.2487,0.7891,0.5194,0.9591,0.6629,0.0,0.0,0.0,0.0,0.0,0.0,0.0,0.0,0.6436,0.6459,0.9265,0.8836,1.2305,1.0216,0.7608,0.1528,1.0209,0.1736,1.2587,0.1922,0.5327,0.0957,0.6116,0.1867,0.6743,0.2121,0.0,0.0,0.0,0.0,0.0,0.0,0.0,0.0,0.0,0.0,0.0,0.0,0.0,0.0,0.0,0.0,0.6076,0.2656,0.8248,0.2514,-0.0934,-0.5331,-0.2238,-1.0152,-0.4021,-1.3889,-0.1517,-0.5653,-0.1957,-1.0652,-0.2646,-1.4489,0.0,0.0,-0.2923,-0.4057,-0.3619,-0.456,0.0,0.0,0.0,0.0,0.0,0.0,0.0,0.0,0.0,0.0,0.0,0.0,0.1926,0.3926,0.0,0.0,-0.1495,0.6263,-0.2329,0.9579,0.0,0.0,-0.096,0.4976,-0.1121,0.7764,0.0,0.0,0.0,0.0,0.0,0.0,False,True,False,False,False,False,front,False,False,False,True,False,False,
record5.mp4,9bb28db231de393d,7416,3000,3333,36,40,2.462,0.2375,3.1557,0.676,3.3676,0.9464,3.494,1.2351,2.8698,1.2836,2.9474,1.6449,2.9996,1.9578,2.4887,1.2127,2.5092,1.5743,2.518,1.8879,2.0994,1.1484,2.0379,1.4816,1.9922,1.7626,1.7246,1.0487,1.5472,1.2544,1.4027,1.4484,2.4671,0.2491,3.16,0.6776,3.3655,0.9492,3.5047,1.24,2.8877,1.2904,2.9682,1.6646,3.0156,1.9904,2.4865,1.238,2.4968,1.6263,2.4987,1.9674,2.0969,1.1704,2.0299,1.5229,1.9829,1.827,1.7219,1.0727,1.5429,1.2776,1.4014,1.477,2.4746,0.2422,3.1721,0.6813,3.3784,0.9591,3.516,1.2573,2.8708,1.2823,2.9421,1.6506,2.9832,1.9687,2.4784,1.273,2.4906,1.6846,2.4938,2.0364,2.0926,1.2079,2.0256,1.5802,1.9786,1.8919,1.7312,1.0871,1.5596,1.2997,1.427,1.5015,2.4768,0.229,3.1635,0.6841,3.3715,0.9571,3.511,1.2467,2.8824,1.2888,2.9558,1.6558,2.9977,1.9703,2.4771,1.2885,2.4873,1.7036,2.4903,2.0593,2.0988,1.2172,2.0297,1.5906,1.9806,1.9037,1.7405,1.0818,1.5749,1.2933,1.4444,1.4956,2.476,0.2434,3.1738,0.6866,3.3768,0.9619,3.5188,1.2491,2.9069,1.2912,2.9944,1.6636,3.0483,1.9849,2.484,1.2208,2.485,1.5979,2.479,1.9228,2.1017,1.1473,2.0314,1.492,1.979,1.7861,1.7345,1.0741,1.5584,1.2856,1.4109,1.4913,0.0,0.0,0.0,0.0,0.0,0.0,0.0,0.0,0.0,0.0,0.0,0.0,0.1926,0.3926,0.0,0.0,-0.1495,0.6263,-0.2329,0.9579,0.0,0.0,-0.096,0.4976,-0.1121,0.7764,0.0,0.0,0.0,0.0,0.0,0.0,0.0,0.0,0.0,0.0,0.0,0.0,0.0,0.0,0.0,0.0,0.0,0.0,-0.39,-0.2622,-0.0974,0.4217,-0.0748,0.7029,-0.0594,0.8315,-0.0516,0.4523,-0.0524,0.6912,-0.0509,0.7817,0.0,0.0,0.0,0.0,0.3082,0.295,0.0,0.0,0.0,0.0,0.0,0.0,0.0,0.0,0.0,0.0,0.0,0.0,0.0,0.0,0.0,0.0,0.0,0.0,0.0,0.0,0.0,0.0,0.0,0.0,0.0,0.0,0.0,0.0,0.0,0.0,0.0,0.0,0.0,0.0,0.0,0.0,0.0,0.0,0.0,0.0,0.0,0.0,0.4651,0.0944,0.6102,0.1765,0.0829,-0.8156,-0.0268,-1.2737,-0.1355,-1.6454,0.0357,-0.8415,0.0204,-1.1885,-0.0188,-1.4175,0.0,0.0,0.0,0.0,-0.4029,-0.051,False,False,True,True,False,False,front,False,False,False,True,False,False,
record5.mp4,9bb28db231de393d,7416,3250,3583,39,43,2.4768,0.229,3.1635,0.6841,3.3715,0.9571,3.511,1.2467,2.8824,1.2888,2.9558,1.6558,2.9977,1.9703,2.4771,1.2885,2.4873,1.7036,2.4903,2.0593,2.0988,1.2172,2.0297,1.5906,1.9806,1.9037,1.7405,1.0818,1.5749,1.2933,1.4444,1.4956,2.476,0.2434,3.1738,0.6866,3.3768,0.9619,3.5188,1.2491,2.9069,1.2912,2.9944,1.6636,3.0483,1.9849,2.484,1.2208,2.485,1.5979,2.479,1.9228,2.1017,1.1473,2.0314,1.492,1.979,1.7861,1.7345,1.0741,1.5584,1.2856,1.4109,1.4913,2.4864,0.2451,3.1909,0.6889,3.3992,0.9677,3.5303,1.264,2.8887,1.2853,2.9506,1.6563,2.9781,1.9719,2.4839,1.2582,2.486,1.6649,2.4794,2.003,2.1035,1.1946,2.031,1.5713,1.9788,1.8827,1.75,1.0795,1.5784,1.2979,1.4397,1.5011,2.5061,0.2595,3.1902,0.685,3.4217,0.9564,3.6323,1.21,2.8425,1.2403,2.8687,1.5826,2.8722,1.8806,2.483,1.2848,2.4864,1.6944,2.4813,2.0442,2.1147,1.2296,2.0403,1.6058,1.9879,1.9254,1.7775,1.0869,1.6127,1.3065,1.4828,1.512,2.5151,0.2577,3.179,0.6537,3.4065,0.8998,3.6343,1.1064,2.8382,1.2516,2.8588,1.5957,2.8611,1.8944,2.4935,1.3021,2.4952,1.7119,2.4893,2.0601,2.129,1.2411,2.056,1.6196,2.007,1.9394,1.7862,1.0898,1.6239,1.3124,1.4957,1.5202,0.0,0.0,0.0,0.0,0.0,0.0,0.0,0.0,0.0,0.0,0.4651,0.0944,0.6102,0.1765,0.0829,-0.8156,-0.0268,-1.2737,-0.1355,-1.6454,0.0357,-0.8415,0.0204,-1.1885,-0.0188,-1.4175,0.0,0.0,0.0,0.0,-0.4029,-0.051,0.0,0.0,0.0,0.0,0.0,0.0,0.0,0.0,0.0,0.0,-0.5274,-0.0886,-0.8466,-0.1568,-0.0012,0.4495,0.0111,0.8074,0.0039,0.967,0.0209,0.5693,-0.0043,0.9553,-0.0034,1.1645,0.0,0.0,0.0,0.0,0.0,0.0,0.0,0.0,0.0,0.0,0.0,0.0,1.2143,-0.642,-0.5503,-0.5358,-0.9754,-0.877,-1.2603,-1.0865,0.0,0.0,0.0,0.0,0.0232,0.4907,0.1335,0.4167,0.1098,0.4111,0.1092,0.5079,0.0,0.0,0.4078,0.1022,0.5133,0.13,0.0,0.0,-0.1357,-0.3777,-0.1831,-0.6813,0.0237,-1.2492,0.0,0.0,0.0,0.0,0.0,0.0,0.0,0.0,0.0,0.0,0.0,0.0,0.0,0.0,0.0,0.0,0.0,0.0,0.0,0.0,0.0,0.0,0.0,0.0,False,False,True,True,False,False,front,False,False,False,True,False,False,
record5.mp4,9bb28db231de393d,7416,3500,3833,42,46,2.5061,0.2595,3.1902,0.685,3.4217,0.9564,3.6323,1.21,2.8425,1.2403,2.8687,1.5826,2.8722,1.8806,2.483,1.2848,2.4864,1.6944,2.4813,2.0442,2.1147,1.2296,2.0403,1.6058,1.9879,1.9254,1.7775,1.0869,1.6127,1.3065,1.4828,1.512,2.5151,0.2577,3.179,0.6537,3.4065,0.8998,3.6343,1.1064,2.8382,1.2516,2.8588,1.5957,2.8611,1.8944,2.4935,1.3021,2.4952,1.7119,2.4893,2.0601,2.129,1.2411,2.056,1.6196,2.007,1.9394,1.7862,1.0898,1.6239,1.3124,1.4957,1.5202,2.5344,0.2375,3.1833,0.5974,3.4013,0.8402,3.6206,1.0665,2.8608,1.2515,2.8926,1.6065,2.9087,1.9104,2.5086,1.2956,2.5084,1.7125,2.5013,2.0629,2.1447,1.2365,2.0697,1.6225,2.018,1.9444,1.8041,1.0919,1.6415,1.322,1.512,1.5336,2.5445,0.243,3.2225,0.6618,3.4068,0.9488,3.5717,1.2409,2.9202,1.3143,2.9879,1.6735,3.0324,1.989,2.5202,1.3262,2.5282,1.7379,2.5262,2.0932,2.1492,1.2473,2.0764,1.6245,2.0202,1.9446,1.796,1.1105,1.6304,1.3326,1.4951,1.5379,2.5381,0.2544,3.2197,0.7028,3.3942,0.9808,3.5,1.2731,2.9507,1.3663,3.0247,1.7267,3.0712,2.0344,2.5212,1.3557,2.5265,1.764,2.5238,2.1104,2.1444,1.2566,2.0695,1.628,2.0153,1.9408,1.7865,1.1066,1.6208,1.3267,1.4873,1.5304,0.0,0.0,-0.1357,-0.3777,-0.1831,-0.6813,0.0237,-1.2492,0.0,0.0,0.0,0.0,0.0,0.0,0.0,0.0,0.0,0.0,0.0,0.0,0.0,0.0,0.0,0.0,0.0,0.0,0.0,0.0,0.0,0.0,0.0,0.0,0.0,0.0,0.0521,-0.6776,-0.0625,-0.7188,-0.1652,-0.4799,0.0,0.0,0.4068,0.1307,0.5741,0.1918,0.0,0.0,0.0,0.0,0.0,0.0,0.0,0.0,0.0,0.0,0.0,0.0,0.0,0.0,0.0,0.0,0.0,0.0,0.0,0.0,0.4674,0.7669,0.0659,1.2936,-0.5815,2.0756,0.707,0.7485,1.1353,0.7974,1.4727,0.9364,0.0,0.0,0.0,0.0,0.2956,0.3597,0.0,0.0,0.0,0.0,0.0,0.0,0.0,0.0,0.0,0.0,0.0,0.0,0.0,0.0,-0.0342,0.4935,-0.1527,0.3849,-0.8642,0.3884,0.3682,0.6267,0.4425,0.6413,0.4668,0.547,0.0,0.0,0.0,0.0,0.0,0.0,0.0,0.0,0.0,0.0,0.0,0.0,0.0,0.0,0.0,0.0,0.0,0.0,True,False,False,False,False,False,front,False,False,False,True,False,False,
record5.mp4,9bb28db231de393d,7416,3750,4083,45,49,2.5445,0.243,3.2225,0.6618,3.4068,0.9488,3.5717,1.2409,2.9202,1.3143,2.9879,1.6735,3.0324,1.989,2.5202,1.3262,2.5282,1.7379,2.5262,2.0932,2.1492,1.2473,2.0764,1.6245,2.0202,1.9446,1.796,1.1105,1.6304,1.3326,1.4951,1.5379,2.5381,0.2544,3.2197,0.7028,3.3942,0.9808,3.5,1.2731,2.9507,1.3663,3.0247,1.7267,3.0712,2.0344,2.5212,1.3557,2.5265,1.764,2.5238,2.1104,2.1444,1.2566,2.0695,1.628,2.0153,1.9408,1.7865,1.1066,1.6208,1.3267,1.4873,1.5304,2.5266,0.2582,3.2155,0.7171,3.3883,1.0016,3.4959,1.2915,2.9201,1.315,2.9838,1.6356,3.0215,1.91,2.505,1.3398,2.5102,1.7488,2.5047,2.0943,2.1279,1.2617,2.0546,1.6296,2.0031,1.9416,1.7791,1.1093,1.6129,1.3271,1.4816,1.5298,2.4947,0.2512,3.1946,0.7148,3.3626,0.9939,3.4579,1.2838,2.9357,1.3525,3.0171,1.6821,3.0706,1.9639,2.5011,1.359,2.5117,1.7561,2.5122,2.0965,2.1185,1.2629,2.0415,1.6237,1.9894,1.9294,1.7618,1.1015,1.5973,1.3113,1.4702,1.5105,2.4635,0.252,3.1616,0.704,3.3365,0.9827,3.4488,1.2676,2.9283,1.3448,3.0294,1.6846,3.1067,1.9776,2.4957,1.2985,2.5071,1.6471,2.507,1.9477,2.1063,1.2313,2.0316,1.5714,1.9807,1.8727,1.7391,1.0983,1.5683,1.295,1.4323,1.486,0.0,0.0,-0.0342,0.4935,-0.1527,0.3849,-0.8642,0.3884,0.3682,0.6267,0.4425,0.6413,0.4668,0.547,0.0,0.0,0.0,0.0,0.0,0.0,0.0,0.0,0.0,0.0,0.0,0.0,0.0,0.0,0.0,0.0,0.0,0.0,0.0,0.0,0.0,0.0,0.0,0.0,0.0,0.0,-0.3686,-0.6182,-0.4925,-1.0979,-0.5982,-1.4994,0.0,0.0,0.0,0.0,0.0,0.0,0.0,0.0,0.0,0.0,0.0,0.0,0.0,0.0,0.0,0.0,0.0,0.0,0.0,0.0,0.0,0.0,0.0,0.0,-0.4528,-0.0923,0.1855,0.4456,0.3968,0.5536,0.5845,0.6422,0.0,0.0,0.0,0.0,0.0,0.0,0.0,0.0,0.0,0.0,0.0,0.0,0.0,0.0,0.0,0.0,0.0,0.0,0.0,0.0,-0.3975,-0.13,0.0,0.0,0.0,0.0,0.0,0.0,0.0,0.0,0.4345,0.1645,-0.066,-0.7291,-0.0563,-1.3132,-0.0616,-1.7929,-0.1465,-0.3813,-0.119,-0.6307,-0.1048,-0.6834,0.0,0.0,-0.3487,-0.1967,-0.4568,-0.2953,False,True,False,False,False,False,front,False,False,False,True,False,False,
record5.mp4,9bb28db231de393d,7416,4000,4333,48,52,2.4947,0.2512,3.1946,0.7148,3.3626,0.9939,3.4579,1.2838,2.9357,1.3525,3.0171,1.6821,3.0706,1.9639,2.5011,1.359,2.5117,1.7561,2.5122,2.0965,2.1185,1.2629,2.0415,1.6237,1.9894,1.9294,1.7618,1.1015,1.5973,1.3113,1.4702,1.5105,2.4635,0.252,3.1616,0.704,3.3365,0.9827,3.4488,1.2676,2.9283,1.3448,3.0294,1.6846,3.1067,1.9776,2.4957,1.2985,2.5071,1.6471,2.507,1.9477,2.1063,1.2313,2.0316,1.5714,1.9807,1.8727,1.7391,1.0983,1.5683,1.295,1.4323,1.486,2.4367,0.2464,3.1229,0.6319,3.3128,0.8554,3.475,1.0586,2.9093,1.2726,3.0202,1.5676,3.1025,1.8429,2.486,1.3216,2.5114,1.6957,2.5201,2.0319,2.0908,1.2413,2.0206,1.5824,1.9699,1.8837,1.7186,1.1022,1.5455,1.2931,1.4095,1.4841,2.4066,0.2456,3.0807,0.5861,3.3027,0.7704,3.495,0.9457,2.9054,1.2956,3.0178,1.6085,3.0955,1.8879,2.4659,1.3393,2.4948,1.7147,2.5064,2.0372,2.0735,1.2478,2.0064,1.5896,1.9562,1.8844,1.7039,1.1045,1.5319,1.2898,1.397,1.476,2.3976,0.2323,3.0723,0.4867,3.3085,0.6201,3.5183,0.7562,2.8856,1.2852,3.0063,1.6116,3.0872,1.8981,2.4488,1.3282,2.4758,1.7055,2.4866,2.0306,2.0639,1.2507,1.998,1.5997,1.9474,1.895,1.7071,1.1025,1.5358,1.2908,1.3962,1.4739,0.0,0.0,-0.3975,-0.13,0.0,0.0,0.0,0.0,0.0,0.0,0.0,0.0,0.4345,0.1645,-0.066,-0.7291,-0.0563,-1.3132,-0.0616,-1.7929,-0.1465,-0.3813,-0.119,-0.6307,-0.1048,-0.6834,0.0,0.0,-0.3487,-0.1967,-0.4568,-0.2953,0.0,0.0,-0.4652,-0.8684,-0.2866,-1.5335,0.3153,-2.5181,-0.2292,-0.8701,-0.1112,-1.4091,-0.0506,-1.6223,0.0,0.0,0.0523,0.5861,0.1578,1.0144,0.0,0.0,0.0,0.0,0.0,0.0,0.0,0.0,0.0,0.0,0.0,0.0,0.0,0.0,-0.5035,-0.5456,-0.1194,-1.0119,0.2387,-1.3448,0.0,0.0,-0.0276,0.4868,-0.0834,0.5351,0.0,0.0,0.0,0.0,0.0,0.0,0.0,0.0,0.0,0.0,0.0,0.0,0.0,0.0,0.0,0.0,0.0,0.0,0.0,0.0,-0.1003,-1.198,0.0697,-1.8108,0.28,-2.2831,0.0,0.0,0.0,0.0,0.0,0.0,0.0,0.0,0.0,0.0,0.0,0.0,0.0,0.0,0.0,0.0,0.0,0.0,0.0,0.0,0.0,0.0,0.0,0.0,False,True,False,False,False,False,front,False,False,False,True,False,False,
record5.mp4,9bb28db231de393d,7416,4250,4583,51,55,2.4066,0.2456,3.0807,0.5861,3.3027,0.7704,3.495,0.9457,2.9054,1.2956,3.0178,1.6085,3.0955,1.8879,2.4659,1.3393,2.4948,1.7147,2.5064,2.0372,2.0735,1.2478,2.0064,1.5896,1.9562,1.8844,1.7039,1.1045,1.5319,1.2898,1.397,1.476,2.3976,0.2323,3.0723,0.4867,3.3085,0.6201,3.5183,0.7562,2.8856,1.2852,3.0063,1.6116,3.0872,1.8981,2.4488,1.3282,2.4758,1.7055,2.4866,2.0306,2.0639,1.2507,1.998,1.5997,1.9474,1.895,1.7071,1.1025,1.5358,1.2908,1.3962,1.4739,2.3961,0.2223,3.0729,0.4561,3.3133,0.5836,3.5251,0.7174,2.8701,1.2692,2.9952,1.6049,3.0788,1.8952,2.4396,1.3235,2.4728,1.7019,2.4903,2.0294,2.0566,1.2553,1.9936,1.5984,1.9478,1.8901,1.7071,1.1084,1.5412,1.2972,1.4062,1.4811,2.4058,0.2349,3.0895,0.5769,3.3068,0.7945,3.4647,1.0693,2.8824,1.3155,3.0038,1.6517,3.0851,1.9345,2.4418,1.3515,2.4734,1.728,2.4903,2.054,2.0606,1.2574,1.9957,1.5971,1.9501,1.8865,1.7068,1.1001,1.5427,1.2878,1.4112,1.4719,2.4048,0.2451,3.095,0.6248,3.3055,0.8656,3.4395,1.1547,2.869,1.3061,2.9944,1.6382,3.0791,1.9206,2.4315,1.3405,2.4647,1.7195,2.4836,2.0487,2.0414,1.2579,1.9752,1.601,1.9309,1.896,1.6945,1.1031,1.533,1.2956,1.4052,1.4834,0.0,0.0,-0.1003,-1.198,0.0697,-1.8108,0.28,-2.2831,0.0,0.0,0.0,0.0,0.0,0.0,0.0,0.0,0.0,0.0,0.0,0.0,0.0,0.0,0.0,0.0,0.0,0.0,0.0,0.0,0.0,0.0,0.0,0.0,0.0,0.0,0.0,0.0,0.0575,-0.4392,0.0819,-0.4673,0.0,0.0,0.0,0.0,0.0,0.0,0.0,0.0,0.0,0.0,0.0,0.0,0.0,0.0,0.0,0.0,0.0,0.0,0.0,0.0,0.0,0.0,0.0,0.0,0.0,0.0,0.1981,1.4376,-0.0768,2.5099,-0.7187,4.1894,0.1457,0.5507,0.1024,0.5576,0.0755,0.4671,0.0,0.0,0.0,0.0,0.0,0.0,0.0,0.0,0.0,0.0,0.0,0.0,0.0,0.0,0.0,0.0,0.0,0.0,0.0,0.0,0.0665,0.5782,-0.0154,0.8572,-0.3041,1.0287,0.0,0.0,0.0,0.0,0.0,0.0,0.0,0.0,0.0,0.0,0.0,0.0,0.0,0.0,0.0,0.0,0.0,0.0,0.0,0.0,0.0,0.0,0.0,0.0,True,False,False,False,False,False,front,False,False,False,True,False,False,
record5.mp4,9bb28db231de393d,7416,4500,4833,54,58,2.4058,0.2349,3.0895,0.5769,3.3068,0.7945,3.4647,1.0693,2.8824,1.3155,3.0038,1.6517,3.0851,1.9345,2.4418,1.3515,2.4734,1.728,2.4903,2.054,2.0606,1.2574,1.9957,1.5971,1.9501,1.8865,1.7068,1.1001,1.5427,1.2878,1.4112,1.4719,2.4048,0.2451,3.095,0.6248,3.3055,0.8656,3.4395,1.1547,2.869,1.3061,2.9944,1.6382,3.0791,1.9206,2.4315,1.3405,2.4647,1.7195,2.4836,2.0487,2.0414,1.2579,1.9752,1.601,1.9309,1.896,1.6945,1.1031,1.533,1.2956,1.4052,1.4834,2.4058,0.2477,3.0955,0.6337,3.3018,0.8847,3.433,1.1798,2.8713,1.3016,2.9986,1.6367,3.0827,1.9214,2.4309,1.3399,2.4657,1.7244,2.4846,2.0562,2.0417,1.2535,1.9784,1.5994,1.9354,1.8938,1.6911,1.1002,1.5282,1.2943,1.4025,1.483,2.4084,0.2503,3.0964,0.6394,3.3011,0.8924,3.4294,1.187,2.8724,1.2993,3.0034,1.6385,3.0877,1.9264,2.4301,1.3364,2.4665,1.7247,2.4857,2.0586,2.0429,1.2526,1.9809,1.5997,1.9387,1.894,1.6914,1.1056,1.5248,1.2972,1.3983,1.4833,2.4112,0.2518,3.0997,0.6395,3.2991,0.8986,3.4327,1.1933,2.8773,1.2987,3.009,1.6406,3.093,1.9296,2.4331,1.34,2.4695,1.7305,2.4888,2.065,2.0476,1.2544,1.9854,1.6031,1.943,1.8971,1.6941,1.1064,1.5261,1.2995,1.3986,1.4862,0.0,0.0,0.0665,0.5782,-0.0154,0.8572,-0.3041,1.0287,0.0,0.0,0.0,0.0,0.0,0.0,0.0,0.0,0.0,0.0,0.0,0.0,0.0,0.0,0.0,0.0,0.0,0.0,0.0,0.0,0.0,0.0,0.0,0.0,0.0,0.0,0.0,0.0,0.0,0.0,0.0,0.0,0.0,0.0,0.0,0.0,0.0,0.0,0.0,0.0,0.0,0.0,0.0,0.0,0.0,0.0,0.0,0.0,0.0,0.0,0.0,0.0,0.0,0.0,0.0,0.0,0.0,0.0,0.0,0.0,0.0,0.0,0.0,0.0,0.0,0.0,0.0,0.0,0.0,0.0,0.0,0.0,0.0,0.0,0.0,0.0,0.0,0.0,0.0,0.0,0.0,0.0,0.0,0.0,0.0,0.0,0.0,0.0,0.0,0.0,0.0,0.0,0.0,0.0,0.0,0.0,0.0,0.0,0.0,0.0,0.0,0.0,0.0,0.0,0.0,0.0,0.0,0.0,0.0,0.0,0.0,0.0,0.0,0.0,0.0,0.0,0.0,0.0,0.0,0.0,False,False,False,False,False,False,front,False,False,False,True,False,False,
record5.mp4,9bb28db231de393d,7416,4750,5083,57,61,2.4084,0.2503,3.0964,0.6394,3.3011,0.8924,3.4294,1.187,2.8724,1.2993,3.0034,1.6385,3.0877,1.9264,2.4301,1.3364,2.4665,1.7247,2.4857,2.0586,2.0429,1.2526,1.9809,1.5997,1.9387,1.894,1.6914,1.1056,1.5248,1.2972,1.3983,1.4833,2.4112,0.2518,3.0997,0.6395,3.2991,0.8986,3.4327,1.1933,2.8773,1.2987,3.009,1.6406,3.093,1.9296,2.4331,1.34,2.4695,1.7305,2.4888,2.065,2.0476,1.2544,1.9854,1.6031,1.943,1.8971,1.6941,1.1064,1.5261,1.2995,1.3986,1.4862,2.4105,0.2484,3.0988,0.6366,3.3003,0.8945,3.4325,1.1887,2.8745,1.2989,3.0077,1.6401,3.0925,1.9295,2.4307,1.3408,2.469,1.732,2.4897,2.0684,2.0467,1.2552,1.9841,1.6034,1.9419,1.8963,1.6934,1.1101,1.5223,1.3011,1.3939,1.4844,2.391,0.2443,3.0442,0.5725,3.2708,0.7442,3.4691,0.9009,2.8545,1.3025,2.9855,1.6324,3.0755,1.9186,2.4179,1.3474,2.4546,1.7224,2.4762,2.0533,2.0402,1.2596,1.9769,1.5967,1.9345,1.8818,1.6863,1.1084,1.5186,1.2942,1.3909,1.4751,2.3831,0.2434,3.0208,0.5883,3.2534,0.7892,3.4696,0.9882,2.8382,1.3079,2.9699,1.6294,3.0653,1.9096,2.4115,1.3481,2.4478,1.7179,2.4677,2.0422,2.0356,1.257,1.9724,1.589,1.9324,1.8744,1.6829,1.1056,1.5157,1.2904,1.389,1.472,0.0,0.0,0.0,0.0,0.0,0.0,0.0,0.0,0.0,0.0,0.0,0.0,0.0,0.0,0.0,0.0,0.0,0.0,0.0,0.0,0.0,0.0,0.0,0.0,0.0,0.0,0.0,0.0,0.0,0.0,0.0,0.0,0.0,0.0,0.0,0.0,0.0,0.0,0.0,0.0,0.0,0.0,0.0,0.0,0.0,0.0,0.0,0.0,0.0,0.0,0.0,0.0,0.0,0.0,0.0,0.0,0.0,0.0,0.0,0.0,0.0,0.0,0.0,0.0,0.0,0.0,-0.6498,-0.7636,-0.3518,-1.7882,0.4355,-3.4256,0.0,0.0,0.0,0.0,0.0,0.0,0.0,0.0,0.0,0.0,0.0,0.0,0.0,0.0,0.0,0.0,0.0,0.0,0.0,0.0,0.0,0.0,0.0,0.0,0.0,0.0,0.0,0.0,-0.21,0.5414,0.0061,1.0512,0.0,0.0,0.0,0.0,0.0,0.0,0.0,0.0,0.0,0.0,0.0,0.0,0.0,0.0,0.0,0.0,0.0,0.0,0.0,0.0,0.0,0.0,0.0,0.0,False,False,False,False,False,False,front,False,False,False,True,False,False,
record5.mp4,9bb28db231de393d,7416,5000,5333,60,64,2.391,0.2443,3.0442,0.5725,3.2708,0.7442,3.4691,0.9009,2.8545,1.3025,2.9855,1.6324,3.0755,1.9186,2.4179,1.3474,2.4546,1.7224,2.4762,2.0533,2.0402,1.2596,1.9769,1.5967,1.9345,1.8818,1.6863,1.1084,1.5186,1.2942,1.3909,1.4751,2.3831,0.2434,3.0208,0.5883,3.2534,0.7892,3.4696,0.9882,2.8382,1.3079,2.9699,1.6294,3.0653,1.9096,2.4115,1.3481,2.4478,1.7179,2.4677,2.0422,2.0356,1.257,1.9724,1.589,1.9324,1.8744,1.6829,1.1056,1.5157,1.2904,1.389,1.472,2.3772,0.2568,3.0336,0.6587,3.2446,0.9162,3.4437,1.1757,2.8464,1.3143,2.9713,1.6341,3.0549,1.9118,2.4109,1.3518,2.4473,1.723,2.4665,2.0465,2.0316,1.254,1.9706,1.5844,1.9318,1.8699,1.6767,1.103,1.5094,1.2857,1.3844,1.4683,2.3701,0.2677,3.0347,0.692,3.2331,0.9539,3.409,1.2181,2.844,1.3189,2.9642,1.6382,3.0427,1.9132,2.4009,1.3392,2.432,1.705,2.4456,2.0238,2.0164,1.2487,1.9554,1.5824,1.916,1.8727,1.6645,1.098,1.4983,1.2802,1.3727,1.4641,2.3633,0.2591,2.997,0.6604,3.2096,0.9,3.4147,1.1225,2.8176,1.3099,2.939,1.624,3.0248,1.8985,2.3906,1.331,2.419,1.6958,2.4325,2.0181,2.0117,1.2393,1.9496,1.5717,1.9094,1.8626,1.6628,1.0932,1.4982,1.2759,1.3732,1.4606,0.0,0.0,0.0,0.0,-0.21,0.5414,0.0061,1.0512,0.0,0.0,0.0,0.0,0.0,0.0,0.0,0.0,0.0,0.0,0.0,0.0,0.0,0.0,0.0,0.0,0.0,0.0,0.0,0.0,0.0,0.0,0.0,0.0,0.0,0.0,0.1543,0.8484,-0.1058,1.5308,-0.3124,2.2598,0.0,0.0,0.0,0.0,0.0,0.0,0.0,0.0,0.0,0.0,0.0,0.0,0.0,0.0,0.0,0.0,0.0,0.0,0.0,0.0,0.0,0.0,0.0,0.0,0.0,0.0,0.0,0.0,-0.1369,0.4484,-0.4125,0.5048,0.0,0.0,0.0,0.0,0.0,0.0,0.0,0.0,0.0,0.0,0.0,0.0,0.0,0.0,0.0,0.0,0.0,0.0,0.0,0.0,0.0,0.0,0.0,0.0,0.0,0.0,-0.4542,-0.3801,-0.2833,-0.6489,0.0684,-1.1522,0.0,0.0,0.0,0.0,0.0,0.0,0.0,0.0,0.0,0.0,0.0,0.0,0.0,0.0,0.0,0.0,0.0,0.0,0.0,0.0,0.0,0.0,0.0,0.0,True,False,False,False,False,False,front,False,False,False,True,False,False,
record5.mp4,9bb28db231de393d,7416,5250,5583,63,67,2.3701,0.2677,3.0347,0.692,3.2331,0.9539,3.409,1.2181,2.844,1.3189,2.9642,1.6382,3.0427,1.9132,2.4009,1.3392,2.432,1.705,2.4456,2.0238,2.0164,1.2487,1.9554,1.5824,1.916,1.8727,1.6645,1.098,1.4983,1.2802,1.3727,1.4641,2.3633,0.2591,2.997,0.6604,3.2096,0.9,3.4147,1.1225,2.8176,1.3099,2.939,1.624,3.0248,1.8985,2.3906,1.331,2.419,1.6958,2.4325,2.0181,2.0117,1.2393,1.9496,1.5717,1.9094,1.8626,1.6628,1.0932,1.4982,1.2759,1.3732,1.4606,2.3639,0.2583,2.9886,0.6103,3.2028,0.8015,3.4179,0.9719,2.8151,1.291,2.9397,1.6063,3.0275,1.8872,2.3934,1.3319,2.4279,1.7008,2.4463,2.0274,2.0163,1.24,1.9545,1.5707,1.9136,1.8555,1.6689,1.0927,1.5049,1.2752,1.3794,1.4583,2.3716,0.2538,3.0188,0.654,3.2203,0.8983,3.4107,1.1493,2.8294,1.2883,2.9501,1.6132,3.0312,1.8995,2.4014,1.3227,2.4342,1.6999,2.4508,2.0276,2.0237,1.2324,1.9614,1.5643,1.9212,1.8491,1.6734,1.0941,1.5081,1.2787,1.3813,1.461,2.3776,0.2616,3.0468,0.6865,3.2387,0.9417,3.3932,1.2176,2.8438,1.2993,2.9574,1.6281,3.0312,1.911,2.4068,1.321,2.4363,1.6992,2.4512,2.0259,2.0245,1.2286,1.9622,1.5636,1.9242,1.8516,1.6719,1.0902,1.5079,1.2771,1.3847,1.4617,0.0,0.0,-0.4542,-0.3801,-0.2833,-0.6489,0.0684,-1.1522,0.0,0.0,0.0,0.0,0.0,0.0,0.0,0.0,0.0,0.0,0.0,0.0,0.0,0.0,0.0,0.0,0.0,0.0,0.0,0.0,0.0,0.0,0.0,0.0,0.0,0.0,-0.1016,-0.6041,-0.0812,-1.1877,0.0391,-1.814,0.0,0.0,0.0,0.0,0.0,0.0,0.0,0.0,0.0,0.0,0.0,0.0,0.0,0.0,0.0,0.0,0.0,0.0,0.0,0.0,0.0,0.0,0.0,0.0,0.0,0.0,0.3592,0.5201,0.2086,1.1528,-0.0863,2.1119,0.0,0.0,0.0,0.0,0.0,0.0,0.0,0.0,0.0,0.0,0.0,0.0,0.0,0.0,0.0,0.0,0.0,0.0,0.0,0.0,0.0,0.0,0.0,0.0,0.0,0.0,0.3377,0.3921,0.2216,0.5227,-0.2114,0.8221,0.0,0.0,0.0,0.0,0.0,0.0,0.0,0.0,0.0,0.0,0.0,0.0,0.0,0.0,0.0,0.0,0.0,0.0,0.0,0.0,0.0,0.0,0.0,0.0,True,False,False,False,False,False,front,False,False,False,True,False,False,
record5.mp4,9bb28db231de393d,7416,5500,5833,66,70,2.3716,0.2538,3.0188,0.654,3.2203,0.8983,3.4107,1.1493,2.8294,1.2883,2.9501,1.6132,3.0312,1.8995,2.4014,1.3227,2.4342,1.6999,2.4508,2.0276,2.0237,1.2324,1.9614,1.5643,1.9212,1.8491,1.6734,1.0941,1.5081,1.2787,1.3813,1.461,2.3776,0.2616,3.0468,0.6865,3.2387,0.9417,3.3932,1.2176,2.8438,1.2993,2.9574,1.6281,3.0312,1.911,2.4068,1.321,2.4363,1.6992,2.4512,2.0259,2.0245,1.2286,1.9622,1.5636,1.9242,1.8516,1.6719,1.0902,1.5079,1.2771,1.3847,1.4617,2.3842,0.2614,3.0451,0.6863,3.2399,0.9425,3.382,1.2176,2.8212,1.298,2.9152,1.628,2.9746,1.9124,2.4024,1.3054,2.427,1.6855,2.4408,2.0153,2.0199,1.225,1.9546,1.5687,1.9144,1.8668,1.6715,1.0832,1.5096,1.2781,1.386,1.4682,2.3868,0.2585,3.0603,0.6993,3.2556,0.9584,3.3966,1.2224,2.8053,1.2569,2.8759,1.5669,2.9169,1.8386,2.394,1.29,2.4086,1.672,2.4136,2.0043,2.0242,1.2187,1.9601,1.5626,1.9212,1.8639,1.6805,1.0719,1.5202,1.2717,1.3997,1.4675,2.3952,0.2462,3.0726,0.7017,3.2773,0.9679,3.4068,1.2301,2.7768,1.2528,2.8063,1.5594,2.8199,1.8419,2.3893,1.1126,2.3827,1.3715,2.3677,1.6099,2.0128,1.0225,1.9254,1.2903,1.858,1.54,1.7112,0.9832,1.5578,1.1929,1.4314,1.3938,0.0,0.0,0.3377,0.3921,0.2216,0.5227,-0.2114,0.8221,0.0,0.0,0.0,0.0,0.0,0.0,0.0,0.0,0.0,0.0,0.0,0.0,0.0,0.0,0.0,0.0,0.0,0.0,0.0,0.0,0.0,0.0,0.0,0.0,0.0,0.0,0.0,0.0,0.0,0.0,0.0,0.0,0.0,0.0,-0.5088,-0.0005,-0.6818,0.0171,0.0,0.0,0.0,0.0,0.0,0.0,0.0,0.0,0.0,0.0,0.0,0.0,0.0,0.0,0.0,0.0,0.0,0.0,0.0,0.0,0.0,0.0,0.0,0.0,0.0,0.0,-0.1889,-0.4895,-0.4674,-0.7284,-0.6868,-0.879,0.0,0.0,0.0,0.0,0.0,0.0,0.0,0.0,0.0,0.0,0.0,0.0,0.0,0.0,0.0,0.0,0.0,0.0,0.0,0.0,0.0,0.0,0.0,0.0,0.0,0.0,0.0,0.0,-0.8382,-0.0894,-1.1697,0.0396,-0.0573,-2.1369,-0.3117,-3.6208,-0.5529,-4.7518,-0.1367,-2.3645,-0.4187,-3.2814,-0.7621,-3.9017,0.3696,-1.0687,0.4528,-0.9491,0.383,-0.8869,False,False,False,False,False,False,front,False,False,False,True,True,False,
record5.mp4,9bb28db231de393d,7416,5750,6083,69,73,2.3868,0.2585,3.0603,0.6993,3.2556,0.9584,3.3966,1.2224,2.8053,1.2569,2.8759,1.5669,2.9169,1.8386,2.394,1.29,2.4086,1.672,2.4136,2.0043,2.0242,1.2187,1.9601,1.5626,1.9212,1.8639,1.6805,1.0719,1.5202,1.2717,1.3997,1.4675,2.3952,0.2462,3.0726,0.7017,3.2773,0.9679,3.4068,1.2301,2.7768,1.2528,2.8063,1.5594,2.8199,1.8419,2.3893,1.1126,2.3827,1.3715,2.3677,1.6099,2.0128,1.0225,1.9254,1.2903,1.858,1.54,1.7112,0.9832,1.5578,1.1929,1.4314,1.3938,2.4231,0.2341,3.0946,0.7072,3.3004,0.9817,3.4277,1.266,2.7636,1.2635,2.7888,1.6033,2.7955,1.9074,2.3676,1.1609,2.339,1.4847,2.3016,1.7622,2.0098,1.0835,1.9347,1.3923,1.8771,1.654,1.693,0.9875,1.5165,1.196,1.3619,1.3922,2.4539,0.2463,3.1345,0.7105,3.3406,1.0033,3.5189,1.2773,2.766,1.147,2.7804,1.4886,2.7753,1.7963,2.3814,1.1839,2.3604,1.5812,2.3332,1.9351,2.0407,1.1366,1.9725,1.5106,1.9264,1.8353,1.717,1.0246,1.5416,1.2447,1.3985,1.4539,2.5088,0.2346,3.1536,0.7072,3.3601,0.9988,3.5608,1.269,2.825,1.1947,2.8708,1.5847,2.892,1.924,2.4233,1.2171,2.4064,1.6567,2.3819,2.0348,2.0711,1.1529,2.0056,1.548,1.9604,1.8762,1.7283,1.036,1.5514,1.2695,1.4106,1.4893,0.0,0.0,0.0,0.0,0.0,0.0,0.0,0.0,0.0,0.0,-0.8382,-0.0894,-1.1697,0.0396,-0.0573,-2.1369,-0.3117,-3.6208,-0.5529,-4.7518,-0.1367,-2.3645,-0.4187,-3.2814,-0.7621,-3.9017,0.3696,-1.0687,0.4528,-0.9491,0.383,-0.8869,0.0,0.0,0.0,0.0,0.0,0.0,0.252,0.4328,0.0,0.0,-0.2117,0.5287,-0.2941,0.7888,-0.261,0.5825,-0.5268,1.3645,-0.7959,1.835,-0.0361,0.7352,0.1129,1.2289,0.2301,1.3728,0.0,0.0,-0.4979,0.0372,-0.8383,-0.0193,0.0,0.0,0.4746,0.0389,0.4787,0.2567,1.0848,0.1347,0.0279,-1.3878,-0.099,-1.3662,-0.24,-1.322,0.0,0.0,0.2547,1.1485,0.3756,2.0576,0.3677,0.6325,0.45,1.4083,0.5873,2.1586,0.2857,0.4411,0.2991,0.5799,0.4356,0.7335,0.6606,-0.1417,0.0,0.0,0.0,0.0,0.5048,-0.1007,0.7112,0.5748,1.0887,1.158,1.4055,1.5388,0.5053,0.3999,0.5539,0.9101,0.5871,1.2021,0.3656,0.1961,0.3986,0.4507,0.4093,0.4924,0.0,0.0,0.0,0.0,0.1461,0.4275,False,False,False,False,False,False,front,False,False,False,True,True,False,
record5.mp4,9bb28db231de393d,7416,6000,6333,72,76,2.4539,0.2463,3.1345,0.7105,3.3406,1.0033,3.5189,1.2773,2.766,1.147,2.7804,1.4886,2.7753,1.7963,2.3814,1.1839,2.3604,1.5812,2.3332,1.9351,2.0407,1.1366,1.9725,1.5106,1.9264,1.8353,1.717,1.0246,1.5416,1.2447,1.3985,1.4539,2.5088,0.2346,3.1536,0.7072,3.3601,0.9988,3.5608,1.269,2.825,1.1947,2.8708,1.5847,2.892,1.924,2.4233,1.2171,2.4064,1.6567,2.3819,2.0348,2.0711,1.1529,2.0056,1.548,1.9604,1.8762,1.7283,1.036,1.5514,1.2695,1.4106,1.4893,2.5199,0.238,3.1535,0.6669,3.3476,0.9274,3.5501,1.1732,2.8798,1.2948,2.9369,1.6737,2.9632,2.0047,2.4499,1.2184,2.4087,1.6127,2.3661,1.9603,2.0824,1.1307,1.9876,1.5056,1.9163,1.8179,1.7304,1.0268,1.5386,1.2486,1.3834,1.4598,2.5327,0.2469,3.1749,0.6803,3.3606,0.952,3.5691,1.2242,2.8898,1.3255,2.9429,1.704,2.9688,2.0272,2.4631,1.2762,2.4364,1.6955,2.4042,2.0534,2.0953,1.1816,2.0046,1.574,1.9351,1.8932,1.7443,1.0522,1.5591,1.278,1.4132,1.4885,2.5236,0.2402,3.1619,0.6594,3.3519,0.9143,3.5509,1.1815,2.9112,1.3299,2.9765,1.6962,3.0103,2.0132,2.4623,1.3068,2.4428,1.7189,2.4186,2.0733,2.0897,1.2072,1.9996,1.5896,1.9322,1.9058,1.7463,1.0766,1.5691,1.2991,1.4297,1.5094,0.6606,-0.1417,0.0,0.0,0.0,0.0,0.5048,-0.1007,0.7112,0.5748,1.0887,1.158,1.4055,1.5388,0.5053,0.3999,0.5539,0.9101,0.5871,1.2021,0.3656,0.1961,0.3986,0.4507,0.4093,0.4924,0.0,0.0,0.0,0.0,0.1461,0.4275,0.0,0.0,-0.0006,-0.4853,-0.1506,-0.8604,-0.1289,-1.1534,0.6604,1.2059,0.7959,1.0732,0.8582,0.9714,0.0,0.0,0.0279,-0.5302,-0.1904,-0.8979,0.0,0.0,-0.217,-0.5111,-0.5307,-0.702,0.0,0.0,0.0,0.0,-0.3279,-0.3564,0.0,0.0,0.0,0.0,0.0,0.0,0.2265,0.6064,0.0,0.0,0.0,0.0,0.0,0.0,0.1574,0.6886,0.33,0.9857,0.454,1.1083,0.1542,0.6058,0.2025,0.8148,0.2238,0.8961,0.0,0.0,0.243,0.3501,0.3549,0.3423,0.0,0.0,0.0,0.0,-0.1039,-0.4537,-0.2195,-0.5144,0.0,0.0,0.4042,-0.0944,0.5004,-0.1687,0.0,0.0,0.0,0.0,0.0,0.0,0.0,0.0,0.0,0.0,0.0,0.0,0.0,0.0,0.0,0.0,0.0,0.0,False,True,True,True,False,False,front,False,False,False,True,False,False,
record5.mp4,9bb28db231de393d,7416,6250,6583,75,79,2.5327,0.2469,3.1749,0.6803,3.3606,0.952,3.5691,1.2242,2.8898,1.3255,2.9429,1.704,2.9688,2.0272,2.4631,1.2762,2.4364,1.6955,2.4042,2.0534,2.0953,1.1816,2.0046,1.574,1.9351,1.8932,1.7443,1.0522,1.5591,1.278,1.4132,1.4885,2.5236,0.2402,3.1619,0.6594,3.3519,0.9143,3.5509,1.1815,2.9112,1.3299,2.9765,1.6962,3.0103,2.0132,2.4623,1.3068,2.4428,1.7189,2.4186,2.0733,2.0897,1.2072,1.9996,1.5896,1.9322,1.9058,1.7463,1.0766,1.5691,1.2991,1.4297,1.5094,2.5106,0.2439,3.1501,0.6485,3.3382,0.8961,3.5345,1.166,2.9118,1.3554,2.9782,1.7151,3.0121,2.0192,2.4575,1.3267,2.442,1.7294,2.4211,2.0744,2.084,1.2183,1.9957,1.5975,1.9279,1.9068,1.7404,1.0845,1.566,1.3026,1.4296,1.5083,2.4784,0.2463,3.1332,0.627,3.3276,0.8603,3.5367,1.0887,2.8967,1.3152,2.9709,1.6252,3.0193,1.9076,2.4454,1.2666,2.4348,1.5907,2.4146,1.8829,2.064,1.1612,1.986,1.4745,1.9254,1.7468,1.6925,1.0573,1.4882,1.2427,1.3232,1.425,2.4782,0.2325,3.1313,0.6119,3.3258,0.8552,3.523,1.1008,2.891,1.2718,2.9741,1.5872,3.0306,1.8781,2.453,1.2914,2.4601,1.6626,2.4561,1.9952,2.0662,1.2025,1.9891,1.5374,1.9313,1.8305,1.6955,1.0791,1.5002,1.2733,1.3435,1.4624,0.0,0.0,0.0,0.0,-0.1039,-0.4537,-0.2195,-0.5144,0.0,0.0,0.4042,-0.0944,0.5004,-0.1687,0.0,0.0,0.0,0.0,0.0,0.0,0.0,0.0,0.0,0.0,0.0,0.0,0.0,0.0,0.0,0.0,0.0,0.0,0.0,0.0,0.0,0.0,0.0,0.0,0.0,0.0,0.0,0.0,0.0,0.0,0.0,0.0,0.0,0.0,0.0,0.0,0.0,0.0,0.0,0.0,0.0,0.0,0.0,0.0,0.0,0.0,0.0,0.0,0.0,0.0,0.0,0.0,0.0,0.0,-0.1265,-0.4264,0.0265,-0.9192,-0.1803,-0.4779,-0.086,-1.0702,0.0866,-1.3288,-0.1441,-0.7154,-0.0852,-1.651,-0.0777,-2.2798,-0.2385,-0.6789,-0.1158,-1.4643,-0.0294,-1.9047,-0.5713,-0.324,-0.9261,-0.7124,-1.2661,-0.9912,0.0,0.0,0.0,0.0,0.0,0.0,0.0,0.0,-0.069,-0.5226,0.0381,-0.4574,0.0,0.0,0.0,0.0,0.3037,0.8662,0.4995,1.3535,0.0273,0.4973,0.0375,0.7574,0.0705,1.0081,0.0,0.0,0.0,0.0,0.2448,0.4498,False,False,True,True,True,False,front,False,False,False,True,False,False,
record5.mp4,9bb28db231de393d,7416,6500,6833,78,82,2.4784,0.2463,3.1332,0.627,3.3276,0.8603,3.5367,1.0887,2.8967,1.3152,2.9709,1.6252,3.0193,1.9076,2.4454,1.2666,2.4348,1.5907,2.4146,1.8829,2.064,1.1612,1.986,1.4745,1.9254,1.7468,1.6925,1.0573,1.4882,1.2427,1.3232,1.425,2.4782,0.2325,3.1313,0.6119,3.3258,0.8552,3.523,1.1008,2.891,1.2718,2.9741,1.5872,3.0306,1.8781,2.453,1.2914,2.4601,1.6626,2.4561,1.9952,2.0662,1.2025,1.9891,1.5374,1.9313,1.8305,1.6955,1.0791,1.5002,1.2733,1.3435,1.4624,2.4804,0.2196,3.1509,0.6548,3.3306,0.95,3.5022,1.2382,2.8811,1.2851,2.9591,1.6014,3.0125,1.8919,2.4618,1.3126,2.4792,1.6931,2.4839,2.0299,2.0632,1.2177,1.978,1.5643,1.9144,1.8679,1.6955,1.078,1.5033,1.2741,1.3504,1.4663,2.4634,0.1992,3.1385,0.66,3.3023,0.9619,3.4489,1.2537,2.8716,1.3094,2.9506,1.6305,3.0023,1.9242,2.4617,1.3407,2.4841,1.7203,2.4917,2.0528,2.0583,1.2347,1.9649,1.5794,1.8914,1.8776,1.694,1.0777,1.5058,1.2679,1.3552,1.4571,2.4317,0.1954,3.1229,0.6526,3.2746,0.9504,3.3759,1.2518,2.8557,1.3313,2.9399,1.6654,2.9948,1.9631,2.4512,1.3333,2.4745,1.7211,2.4829,2.0556,2.039,1.2252,1.941,1.573,1.863,1.8684,1.676,1.0813,1.4796,1.2688,1.3236,1.4525,0.0,0.0,0.0,0.0,0.0,0.0,0.0,0.0,-0.069,-0.5226,0.0381,-0.4574,0.0,0.0,0.0,0.0,0.3037,0.8662,0.4995,1.3535,0.0273,0.4973,0.0375,0.7574,0.0705,1.0081,0.0,0.0,0.0,0.0,0.2448,0.4498,0.0,0.0,0.2358,0.5162,0.0586,1.1421,-0.2507,1.6564,0.0,0.0,0.0,0.0,0.0,0.0,0.0,0.0,0.2311,0.367,0.3357,0.4177,0.0,0.0,0.0,0.0,-0.203,0.4508,0.0,0.0,0.0,0.0,0.0,0.0,0.0,0.0,0.0,0.0,0.0,0.0,-0.635,0.1846,0.0,0.0,0.0,0.0,-0.1211,0.3844,0.0,0.0,0.0,0.0,0.0,0.0,0.0,0.0,0.0,0.0,0.0,0.0,0.0,0.0,0.0,0.0,0.0,0.0,0.0,0.0,0.0,0.0,0.0,0.0,-0.8792,-0.0236,0.0,0.0,-0.1286,0.4197,-0.0907,0.4684,0.0,0.0,0.0,0.0,0.0,0.0,0.0,0.0,0.0,0.0,0.0,0.0,0.0,0.0,0.0,0.0,0.0,0.0,False,False,True,True,True,False,front,False,False,False,True,False,False,
record5.mp4,9bb28db231de393d,7416,6750,7083,81,85,2.4634,0.1992,3.1385,0.66,3.3023,0.9619,3.4489,1.2537,2.8716,1.3094,2.9506,1.6305,3.0023,1.9242,2.4617,1.3407,2.4841,1.7203,2.4917,2.0528,2.0583,1.2347,1.9649,1.5794,1.8914,1.8776,1.694,1.0777,1.5058,1.2679,1.3552,1.4571,2.4317,0.1954,3.1229,0.6526,3.2746,0.9504,3.3759,1.2518,2.8557,1.3313,2.9399,1.6654,2.9948,1.9631,2.4512,1.3333,2.4745,1.7211,2.4829,2.0556,2.039,1.2252,1.941,1.573,1.863,1.8684,1.676,1.0813,1.4796,1.2688,1.3236,1.4525,2.4142,0.1964,3.103,0.6547,3.2434,0.9448,3.3272,1.2417,2.8262,1.3427,2.9066,1.6669,2.9616,1.9533,2.4143,1.3227,2.4297,1.6964,2.4291,2.0142,2.0059,1.2115,1.9045,1.5595,1.8196,1.8547,1.6349,1.0509,1.4267,1.2269,1.2576,1.3977,2.401,0.2027,3.0795,0.6358,3.2426,0.9302,3.3684,1.2364,2.7988,1.3165,2.879,1.6435,2.93,1.93,2.4046,1.3156,2.4243,1.6899,2.425,2.0064,1.9954,1.2102,1.8971,1.5563,1.8128,1.8479,1.6386,1.0601,1.4414,1.2378,1.2821,1.4143,2.3748,0.2003,3.0395,0.5911,3.2261,0.8316,3.3792,1.0876,2.7765,1.3192,2.8531,1.642,2.9064,1.9205,2.386,1.3211,2.4036,1.6907,2.407,2.0023,1.9842,1.2115,1.8887,1.5555,1.8101,1.8438,1.6315,1.062,1.443,1.2414,1.2898,1.4205,0.0,0.0,0.0,0.0,0.0,0.0,-0.8792,-0.0236,0.0,0.0,-0.1286,0.4197,-0.0907,0.4684,0.0,0.0,0.0,0.0,0.0,0.0,0.0,0.0,0.0,0.0,0.0,0.0,0.0,0.0,0.0,0.0,0.0,0.0,0.0,0.0,0.0,0.0,0.0,0.0,-0.5864,-0.1218,0.0,0.0,-0.4016,0.0182,-0.4003,-0.1175,-0.4456,-0.1282,-0.5399,-0.2979,-0.6476,-0.4988,-0.3989,-0.1657,-0.4407,-0.1624,-0.523,-0.1649,-0.4946,-0.366,-0.6374,-0.5051,-0.7953,-0.6604,0.0,0.0,0.0,0.0,0.0,0.0,0.49,-0.0628,-0.3265,-0.3114,-0.3286,-0.2783,-0.3762,-0.2774,0.0,0.0,0.0,0.0,0.0,0.0,0.0,0.0,0.0,0.0,0.0,0.0,0.0,0.0,0.0,0.0,0.0,0.0,0.0,0.0,-0.4814,-0.5386,-0.1992,-1.1874,0.1299,-1.7925,0.0,0.0,0.0,0.0,0.0,0.0,0.0,0.0,0.0,0.0,0.0,0.0,0.0,0.0,0.0,0.0,0.0,0.0,0.0,0.0,0.0,0.0,0.0,0.0,False,False,False,False,False,False,front,False,False,False,True,False,False,
record5.mp4,9bb28db231de393d,7416,7000,7333,84,88,2.401,0.2027,3.0795,0.6358,3.2426,0.9302,3.3684,1.2364,2.7988,1.3165,2.879,1.6435,2.93,1.93,2.4046,1.3156,2.4243,1.6899,2.425,2.0064,1.9954,1.2102,1.8971,1.5563,1.8128,1.8479,1.6386,1.0601,1.4414,1.2378,1.2821,1.4143,2.3748,0.2003,3.0395,0.5911,3.2261,0.8316,3.3792,1.0876,2.7765,1.3192,2.8531,1.642,2.9064,1.9205,2.386,1.3211,2.4036,1.6907,2.407,2.0023,1.9842,1.2115,1.8887,1.5555,1.8101,1.8438,1.6315,1.062,1.443,1.2414,1.2898,1.4205,2.3644,0.2019,3.0409,0.6166,3.2075,0.8734,3.3093,1.1439,2.7781,1.3464,2.8525,1.667,2.9003,1.931,2.3654,1.3261,2.3807,1.6917,2.3859,1.9924,1.9663,1.2083,1.877,1.551,1.8076,1.8348,1.6195,1.0576,1.4349,1.2391,1.2878,1.4154,2.3647,0.2,3.0371,0.6244,3.1964,0.8958,3.2955,1.1924,2.7635,1.3263,2.8362,1.655,2.8826,1.9246,2.3589,1.3121,2.3727,1.6849,2.3776,1.9898,1.9647,1.2027,1.8753,1.5508,1.8044,1.8377,1.6193,1.0516,1.4354,1.2349,1.2884,1.4122,2.3712,0.1999,3.0466,0.6304,3.226,0.9178,3.3938,1.213,2.7603,1.2021,2.8458,1.4942,2.903,1.7655,2.3701,1.2696,2.3919,1.6401,2.4023,1.9601,1.9747,1.1944,1.8868,1.5377,1.8172,1.8325,1.6296,1.0528,1.4425,1.2337,1.293,1.4129,0.0,0.0,-0.4814,-0.5386,-0.1992,-1.1874,0.1299,-1.7925,0.0,0.0,0.0,0.0,0.0,0.0,0.0,0.0,0.0,0.0,0.0,0.0,0.0,0.0,0.0,0.0,0.0,0.0,0.0,0.0,0.0,0.0,0.0,0.0,0.0,0.0,0.0,0.0,-0.2234,0.503,-0.842,0.6782,0.0,0.0,0.0,0.0,0.0,0.0,0.0,0.0,0.0,0.0,0.0,0.0,0.0,0.0,0.0,0.0,0.0,0.0,0.0,0.0,0.0,0.0,0.0,0.0,0.0,0.0,0.0,0.0,0.0,0.0,-0.1646,0.5766,0.0,0.0,0.0,0.0,0.0,0.0,0.0,0.0,0.0,0.0,0.0,0.0,0.0,0.0,0.0,0.0,0.0,0.0,0.0,0.0,0.0,0.0,0.0,0.0,0.0,0.0,0.0,0.0,0.3561,0.2657,1.1846,0.2485,-0.0389,-1.4961,0.1156,-1.9365,0.2459,-1.9168,0.1345,-0.5129,0.2318,-0.539,0.2974,-0.3577,0.0,0.0,0.0,0.0,0.0,0.0,0.0,0.0,0.0,0.0,0.0,0.0,True,False,False,False,False,False,front,False,False,False,True,False,False,
